Title_camelia,Price_camelia,Brand
ILON tepalas 25 g,"9,96",ILON
ALIFLUSIN šnypščiosios granulės 500 mg/200 mg/4 mg N10,"4,89",ALIFLUSIN
ALIFLUSIN šnypščiosios granulės 500 mg/200 mg/4 mg N20,"9,59",ALIFLUSIN
HADORTA 5.556 mg/ml sirupas 100 ml,"6,33",HADORTA
ETUSEN 35 mg kietosios pastilės N20,"6,99",ETUSEN
ETUSEN sirupas  35 mg / 5 ml 100 ml,"7,27",ETUSEN
TARTEPHEDREEL N geriamieji lašai (tirpalas) 30 ml,"7,09",TARTEPHEDREEL
BRONTEX 60 mg šnypščiosios tabletės N10,"3,98",BRONTEX
"CANESTEN 10 m g/g kremas, 20 g","4,74",CANESTEN
MYRTOL 120 mg skrandyje neirios minkštos kapsulės N20,"4,89",MYRTOL
ALIFLUSIN 500 mg/200 mg/4 mg šnypščiosios tabletės N10,"4,49",ALIFLUSIN
"DICLAC 50 mg/g gelis, 150 g","13,26",DICLAC
"FREST 1 mg/g gelis, 30 g","4,99",FREST
RENNIE ORANGE 680mg/80mg kramtomosios tabletės N24,"3,49",RENNIE
LILANDOR 80 mg minkštosios kapsulės N28,"9,78",LILANDOR
LILANDOR 80 mg minkštosios kapsulės N14,"5,73",LILANDOR
OPEXA 20 mg tabletės N10,"4,19",OPEXA
ZYRTEC 10 mg plėvele dengtos tabletės N10,"4,17",ZYRTEC
FORLAX 10 g milteliai geriamajam tirpalui N10,"3,89",FORLAX
PROSTAMOL UNO 320 mg minkštosios kapsulės N90,"39,59",PROSTAMOL
PARACETAMOL ZENTIVA 500 mg tabletės N20,"1,69",PARACETAMOL
WINTROZEN 600 mg šnypščiosios tabletės N10,"5,79",WINTROZEN
INOVOX HONEY LEMON 2 mg/0.6 mg/1.2mg kietosios pastilės N24,"8,09",INOVOX
POSAMYK 78.22 mg/ml vaistinis nagų lakas 3.3 ml,"22,79",POSAMYK
BETADINE 100 mg/ ml odos tirpalas 125 ml,"7,99",BETADINE
ALYR 10 mg plėvele dengtos tabletės N7,"4,29",ALYR
BETADINE 100 mg/ ml odos tirpalas 240 ml,"14,37",BETADINE
ILOXEN 200mg/30mg plėvele dengtos tabletės N12,"5,49",ILOXEN
BETADINE 100 mg/ ml odos tirpalas 30 ml,"4,79",BETADINE
ESCAPELLE 1.5 mg tabletė N1,"12,99",ESCAPELLE
"OKTISEPTAS 1 mg/20 mg/ml odos tirpalas su purškiama pompa, 250 ml","9,67",OKTISEPTAS
"OKTISEPTAS 1 mg/20 mg/ml odos tirpalas su purškiama pompa, 50 ml","6,09",OKTISEPTAS
KLIMADYNON 2.8 mg plėvele dengtos tabletės N90,"13,29",KLIMADYNON
PROSPAN 35mg/5ml geriamasis tirpalas 5ml N21,"8,98",PROSPAN
TONSILGON N dengtos tabletės N50,"8,19",TONSILGON
BETADINE 100 mg/g tepalas 30 g,"5,39",BETADINE
MASTODYNON tabletės N60,"10,69",MASTODYNON
BRONCHIPRET TI geriamas tirpalas 100 ml,"6,89",BRONCHIPRET
"FARINGODOL 150 mg, 16 kietų pastilių","5,99",FARINGODOL
DORMIKIND N150,"9,99",DORMIKIND
FERVEX 280 mg/10 mg/100 mg granulės geriamajam tirpalui vaikams N8,"6,52",FERVEX
SUMATRIPTAN ACTAVIS 50 mg dengtos tabletės N2,"3,99",SUMATRIPTAN
BRONCHIPRET plėvele dengtos tabletės N20,"6,09",BRONCHIPRET
SINUPRET dengtos tabletės N100,"16,39",SINUPRET
SINUPRET dengtos tabletės N50,"8,29",SINUPRET
TONSILGON N geriamieji lašai (tirpalas) 50 ml,"8,19",TONSILGON
AGNUCASTON plėvele dengtos tabletės N30,"9,19",AGNUCASTON
GELOMYRTOL FORTE 300 mg skrandyje neirios minkštosios kapsulės N20,"6,69",GELOMYRTOL
ILON tepalas 25 g,"9,96",ILON
ALIFLUSIN šnypščiosios granulės 500 mg/200 mg/4 mg N10,"4,89",ALIFLUSIN
ALIFLUSIN šnypščiosios granulės 500 mg/200 mg/4 mg N20,"9,59",ALIFLUSIN
HADORTA 5.556 mg/ml sirupas 100 ml,"6,33",HADORTA
ETUSEN 35 mg kietosios pastilės N20,"6,99",ETUSEN
ETUSEN sirupas  35 mg / 5 ml 100 ml,"7,27",ETUSEN
TARTEPHEDREEL N geriamieji lašai (tirpalas) 30 ml,"7,09",TARTEPHEDREEL
BRONTEX 60 mg šnypščiosios tabletės N10,"3,98",BRONTEX
"CANESTEN 10 m g/g kremas, 20 g","4,74",CANESTEN
MYRTOL 120 mg skrandyje neirios minkštos kapsulės N20,"4,89",MYRTOL
ALIFLUSIN 500 mg/200 mg/4 mg šnypščiosios tabletės N10,"4,49",ALIFLUSIN
"DICLAC 50 mg/g gelis, 150 g","13,26",DICLAC
"FREST 1 mg/g gelis, 30 g","4,99",FREST
RENNIE ORANGE 680mg/80mg kramtomosios tabletės N24,"3,49",RENNIE
LILANDOR 80 mg minkštosios kapsulės N28,"9,78",LILANDOR
LILANDOR 80 mg minkštosios kapsulės N14,"5,73",LILANDOR
OPEXA 20 mg tabletės N10,"4,19",OPEXA
ZYRTEC 10 mg plėvele dengtos tabletės N10,"4,17",ZYRTEC
FORLAX 10 g milteliai geriamajam tirpalui N10,"3,89",FORLAX
PROSTAMOL UNO 320 mg minkštosios kapsulės N90,"39,59",PROSTAMOL
PARACETAMOL ZENTIVA 500 mg tabletės N20,"1,69",PARACETAMOL
WINTROZEN 600 mg šnypščiosios tabletės N10,"5,79",WINTROZEN
INOVOX HONEY LEMON 2 mg/0.6 mg/1.2mg kietosios pastilės N24,"8,09",INOVOX
POSAMYK 78.22 mg/ml vaistinis nagų lakas 3.3 ml,"22,79",POSAMYK
BETADINE 100 mg/ ml odos tirpalas 125 ml,"7,99",BETADINE
ALYR 10 mg plėvele dengtos tabletės N7,"4,29",ALYR
BETADINE 100 mg/ ml odos tirpalas 240 ml,"14,37",BETADINE
ILOXEN 200mg/30mg plėvele dengtos tabletės N12,"5,49",ILOXEN
BETADINE 100 mg/ ml odos tirpalas 30 ml,"4,79",BETADINE
ESCAPELLE 1.5 mg tabletė N1,"12,99",ESCAPELLE
"OKTISEPTAS 1 mg/20 mg/ml odos tirpalas su purškiama pompa, 250 ml","9,67",OKTISEPTAS
"OKTISEPTAS 1 mg/20 mg/ml odos tirpalas su purškiama pompa, 50 ml","6,09",OKTISEPTAS
KLIMADYNON 2.8 mg plėvele dengtos tabletės N90,"13,29",KLIMADYNON
PROSPAN 35mg/5ml geriamasis tirpalas 5ml N21,"8,98",PROSPAN
TONSILGON N dengtos tabletės N50,"8,19",TONSILGON
BETADINE 100 mg/g tepalas 30 g,"5,39",BETADINE
MASTODYNON tabletės N60,"10,69",MASTODYNON
BRONCHIPRET TI geriamas tirpalas 100 ml,"6,89",BRONCHIPRET
"FARINGODOL 150 mg, 16 kietų pastilių","5,99",FARINGODOL
DORMIKIND N150,"9,99",DORMIKIND
FERVEX 280 mg/10 mg/100 mg granulės geriamajam tirpalui vaikams N8,"6,52",FERVEX
SUMATRIPTAN ACTAVIS 50 mg dengtos tabletės N2,"3,99",SUMATRIPTAN
BRONCHIPRET plėvele dengtos tabletės N20,"6,09",BRONCHIPRET
SINUPRET dengtos tabletės N100,"16,39",SINUPRET
SINUPRET dengtos tabletės N50,"8,29",SINUPRET
TONSILGON N geriamieji lašai (tirpalas) 50 ml,"8,19",TONSILGON
AGNUCASTON plėvele dengtos tabletės N30,"9,19",AGNUCASTON
GELOMYRTOL FORTE 300 mg skrandyje neirios minkštosios kapsulės N20,"6,69",GELOMYRTOL
MAGNESIUM DIASPORAL 295.7 mg/5 g granulės geriamajam tirpalui N20,"9,18",MAGNESIUM
MAGNESIUM DIASPORAL 295.7 mg/5 g granulės geriamajam tirpalui N50,"17,39",MAGNESIUM
MAGNESIUM DIASPORAL 400 mg milteliai geriamajam tirpalui N20,"10,98",MAGNESIUM
MAGNESIUM DIASPORAL DIRECT 400 mg granulės pakelyje N20,"10,98",MAGNESIUM
VISINE 0.5 mg/ml akių lašai (tirpalas) 15 ml,"7,18",VISINE
BEOTEBAL 10 mg tabletės N30,"15,24",BEOTEBAL
BEOTEBAL 10 mg tabletės N60,"23,55",BEOTEBAL
PROSPAN 26 mg kietosios pastilės N20,"6,70",PROSPAN
ADOBIL 500 mg/150 mg plėvele dengtos tabletės N10,"3,69",ADOBIL
ESCADRA 20 mg skrandyje neirios kapsulės N7,"2,99",ESCADRA
NIZORAL 20 mg/ml šampūnas 100 ml,"14,99",NIZORAL
POSTINOR 1500 mcg burnoje disperguojamos tabletės N1,"15,99",POSTINOR
LABELLA 1.5 mg tabletės N1,"14,67",LABELLA
OLFEN 10 mg/g gelis 100 g,"7,89",OLFEN
IBUSTAR 400 mg plėvele dengtos tabletės N10,"1,67",IBUSTAR
PANZILAN 20 mg skrandyje neirios tabletės N14,"3,78",PANZILAN
AFRIN MENTHOL 0.5 mg/ml nosies purškalas 15 ml,"4,89",AFRIN
EFFERALGAN 80 mg žvakutės N10,"3,49",EFFERALGAN
EFFERALGAN 150 mg žvakutės N10,"3,99",EFFERALGAN
EFFERALGAN 30 mg/ml geriamasis tirpalas 90ml,"4,39",EFFERALGAN
EFFERALGAN 500 mg šnypščiosios tabletės N16,"3,89",EFFERALGAN
PAXELADINE 2 mg/ml sirupas 100ml,"5,29",PAXELADINE
METAFENEX 200 mg/500 mg plėvele dengtos tabletės N10,"3,99",METAFENEX
ROSACTA 100 mg/g kremas 50 g,"9,09",ROSACTA
PANTOPRAZOLE INGEN PHARMA 20 mg skrandyje neirios tabletės N14,"4,85",PANTOPRAZOLE
OLEZELA 20 mg skrandyje neirios kietosios kapsulės N14,"3,88",OLEZELA
RESPIFORTIN 600 mg šnypščiosios tabletės N10,"5,14",RESPIFORTIN
FERCELAN 202.8 mg/0.8 mg/100 mg kietosios kapsulės N30,"6,09",FERCELAN
GERLEN 1.5 mg/ml burnos gleivinės purškalas 30 ml,"7,99",GERLEN
CANEPHRON dengtos tabletės N60,"11,39",CANEPHRON
GRIPEX THERMAL 1000 mg/100 mg/12.2 mg milteliai geriamajam tirpalui N12,"7,89",GRIPEX
MIRAMILE burnos gleivinės purškalas 30 ml,"3,99",MIRAMILE
NEO-ANGIN kietosios pastilės N24,"5,69",NEO-ANGIN
MOMETASONE TEVA 50 mcg/dozėje nosies purškalas 60 dozių,"6,59",MOMETASONE
NEO-ANGIN kietosios pastilės be cukraus  N24,"5,69",NEO-ANGIN
SENEBACTUM 100 mg/ml odos tirpalas su lašintuvu 30 ml,"3,41",SENEBACTUM
TVINGESTIN 400 mg plėvele dengtos tabletės N10,"2,69",TVINGESTIN
HESIO 450 mg/50 mg plėvele dengtos tabletės N120,"28,89",HESIO
HESIO 450 mg/50 mg plėvele dengtos tabletės N60,"17,79",HESIO
HESIO 450 mg/50 mg plėvele dengtos tabletės N30,"8,88",HESIO
CANEPHRON INTENS dengtos tabletės N30,"12,69",CANEPHRON
GALANAS 1 mg/50 mg/ml nosies purškalas 10 ml,"4,19",GALANAS
IBUGARD 125 mg žvakutės N10,"3,89",IBUGARD
IBUGARD 60 mg žvakutės N10,"3,85",IBUGARD
"OLFEN 23,2 mg/g, 2%, gelis, 50 g","6,46",OLFEN
"OLFEN 23,2 mg/g, 2%, gelis, 100 g","9,89",OLFEN
MAGNE B6 470 mg/5 mg dengtos tabletės N60,"8,41",MAGNE
TROXEVASIN 300 mg kietosios kapsulės N100,"20,89",TROXEVASIN
TROXEVASIN 20 mg/g gelis 100 g,"10,99",TROXEVASIN
TROXEVASIN 300 mg kietosios kapsulės N50,"13,19",TROXEVASIN
TROXEVASIN ACTAVIS 20 mg/g gelis 40 g,"5,89",TROXEVASIN
NUROFLEX 200 mg vaistinis pleistras N2,"7,81",NUROFLEX
BLOCTIL 100 mg kietosios kapsulės N10,"6,89",BLOCTIL
KREON 10000V skrandyje neirios kietosios kapsulės N20,"4,87",KREON
NO-SPA 40 mg tabletės N24,"3,99",NO-SPA
ASPIRIN CARDIO 100 mg skrandyje neirios tabletės N98,"6,62",ASPIRIN
TABEX 1.5 mg plėvele dengtos tabletės N100,"22,89",TABEX
THROMBO ASS 100 mg skrandyje neirios tabletės N100,"4,59",THROMBO
LOMEXIN 600 mg makšties minkštosios kapsulės N1,"10,60",LOMEXIN
PROSTAMOL UNO 320 mg minkštosios kapsulės N60,"24,89",PROSTAMOL
GASEC 20 mg skrandyje neirios kietosios kapsulės N14,"3,49",GASEC
BILOBIL 120 mg kietosios kapsulės N60,"15,27",BILOBIL
PANZYNORM FORTE-N 20000 V plėvele dengtos tabletės N10,"2,09",PANZYNORM
NEOCITRAMONAS 240 mg/200 mg/30 mg tabletės N20,"2,98",NEOCITRAMONAS
DR. THEISS HUSTICUM 50 mg/g sirupas 100 ml,"3,79",DR.
DENTOSEPT burnos gleivinės tirpalas 100 g,"2,59",DENTOSEPT
METADOXIL 500 mg tabletės N10,"10,19",METADOXIL
LOMEXIN 200 mg makšties minkštosios kapsulės N3,"10,60",LOMEXIN
POTASSIUM IODIDE G.L PHARMA 65 mg N20,"12,58",POTASSIUM
SEPTABENE citrinų ir medaus skonio 3 mg/1mg kietosios pastilės N16,"6,72",SEPTABENE
POLOVOX 8.75 mg/dozėje burnos gleivinės purškalas (tirpalas) 15 ml,"8,80",POLOVOX
EUCARBON HERBAL tabletės N30,"7,39",EUCARBON
VIBROCIL 2.5 mg/0.25 mg/ml nosies purškalas (tirpalas) 15 ml,"5,19",VIBROCIL
OLYDEX 1 mg/50 mg/ml nosies purškalas (tirpalas) 10 ml,"4,99",OLYDEX
DOLMEN 25 mg geriamasis tirpalas paketėlyje N10,"3,89",DOLMEN
OTRINAZIL 1 mg/50 mg/ml nosies purškalas (tirpalas) 10 ml,"4,99",OTRINAZIL
ELFIMEST 20 mg skrandyje neirios tabletės N7,"2,99",ELFIMEST
LOTEMPEN 40 mg/ml geriamoji suspensija 100 ml N1,"7,29",LOTEMPEN
MEZYM 20000 V skrandyje neirios tabletės N20,"6,45",MEZYM
GRIPEX 500 mg/30 mg/15 mg plėvele dengtos tabletės N20,"7,22",GRIPEX
GRIPEX 500 mg/30 mg/15 mg plėvele dengtos tabletės N10,"4,84",GRIPEX
SEDATIF PC tabletės N90,"8,41",SEDATIF
ENTEROL 250 mg kietosios kapsulės N30,"12,76",ENTEROL
NASOMETIN 50 mcg/dozėje purškalas (suspensija) 60 dozių,"7,29",NASOMETIN
HERBION 35 mg kietosios pastilės N16,"4,69",HERBION
CADELE 1.5 mg tabletė N1,"13,10",CADELE
PERTUSINAS vaikams sirupas 100 ml,"3,99",PERTUSINAS
ENTEROL 250 mg milteliai geriamajai suspensijai N20,"9,40",ENTEROL
NOLPAZA 20 mg tabletės N14,"3,85",NOLPAZA
VELIOS 1000 mg plėvele dengtos tabletės N30,"16,59",VELIOS
EXNOS CHAMOMILE 0.5 mg/ml nosies purškalas (tirpalas) 10 ml,"5,28",EXNOS
EXNOS 0.5 mg/ml nosies purškalas (tirpalas) 15 ml,"4,79",EXNOS
FERENSIN 10000 V skrandyje neirios tabletės N10,"1,95",FERENSIN
NUROFEN ORANGE 100 mg kramtomosios minkštosios kapsulės N12,"5,77",NUROFEN
DENTALIA geriamasis tirpalas vienadozėje talpyklėje 1 ml N10,"5,59",DENTALIA
AROCORA 100 mg skrandyje neirios tabletės N30,"3,69",AROCORA
SOLPADEINE EXPRESS 500 mg/65 mg šnypščiosios tabletės N16,"4,39",SOLPADEINE
PANANGIN 316 mg/280 mg plėvele dengtos tabletės N30,"9,89",PANANGIN
SPOTIFIT 50 mg/g gelis 100 g,"8,89",SPOTIFIT
ESSENTIALE FORTE N 300 mg kietosios kapsulės N100,"15,59",ESSENTIALE
RECREOL 50 mg/g kremas 50 g,"5,89",RECREOL
ELFIMEST 20 mg skrandyje neirios tabletės N14,"4,89",ELFIMEST
IBUSTAR 40 mg/ml geriamoji suspensija vaikams 100 ml,"6,33",IBUSTAR
VOLTAREN AKTIGO 140 mg vaistinis pleistras N5,"9,99",VOLTAREN
FENEIT 25 mg plėvele dengtos tabletės N10,"3,49",FENEIT
LECROLYN SINE 40 mg/ml akių lašai (tirpalas) 10 ml,"9,69",LECROLYN
XYMELIN 1 mg/ml nosies purškalas (tirpalas) 10 ml,"4,79",XYMELIN
RECREOL 50 mg/g tepalas 50 g,"5,89",RECREOL
ACIC 200 mg tabletės N25,"13,06",ACIC
SEPTABENE citrinų ir šeivamedžio skonio 3 mg/1 mg kietosios pastilės N16,"6,72",SEPTABENE
ASITUS 600 mg milteliai geriamajam tirpalui N10,"7,19",ASITUS
IBUPROM EXPRESS 400 mg minkštosios kapsulės N20,"5,69",IBUPROM
CANESTEN 500 mg makšties minkštoji kapsulė N1,"9,89",CANESTEN
OSCILLOCOCCINUM piliulės vienadozėje talpyklėje N30,"22,19",OSCILLOCOCCINUM
REMAID 1.5 g milteliai geriamajam tirpalui N30,"17,90",REMAID
AVODELE 1.5 mg tabletės N1,"11,89",AVODELE
MINTILAT 61.1 mg/g tepalas 50 g,"6,49",MINTILAT
DAIKOL 200 mg/30 mg plėvele dengtos tabletės N20,"7,60",DAIKOL
LAROS HONEY & LEMON 2 mg/0.6 mg/1.2 mg kietosios pastilės N24,"6,69",LAROS
GRIVIX 1 mg/g gelis 30 g,"5,29",GRIVIX
VIPROSAL B tepalas 75 g,"7,81",VIPROSAL
LEGILAIT 500 mg plėvele dengtos tabletės N60,"19,98",LEGILAIT
AIDRINEX 750 mg/10 mg/60 mg milteliai geriamajam tirpalui N12,"7,66",AIDRINEX
HYDROCORTISON TAKEDA 10 mg/g gelis 10 g,"6,29",HYDROCORTISON
IBUGARD 100 mg/5 ml geriamoji suspensija 120 ml,"3,95",IBUGARD
IBUGARD 200 mg/5 ml geriamoji suspensija 100 ml,"6,79",IBUGARD
IBUGARD 200 mg minkštosios kapsulės N10,"2,07",IBUGARD
NO-SPA 40 mg plėvele dengtos tabletės N24,"4,69",NO-SPA
MIALDEX 25 mg plėvele dengtos tabletės N10,"2,59",MIALDEX
STREPSILS INTENSIVE 8.75 mg kietosios pastilės N24,"9,69",STREPSILS
NUROFEN FORTE STRAWBERRY 40 mg/ml geriamoji suspensija 100 ml,"8,79",NUROFEN
UMCKALOR 20 mg plėvele dengtos tabletės N15,"9,39",UMCKALOR
SEPTABENE eukaliptų skonio 3 mg/1 mg kietosios pastilės N16,"6,82",SEPTABENE
IBUPROM 40 mg/ml geriamoji suspensija vaikams 100 ml,"7,19",IBUPROM
LAROS MINT 2 mg/0.6 mg/1.2 mg kietosios pastilės N24,"6,76",LAROS
AIDEX plėvele dengtos tabletės N10,"4,99",AIDEX
"SEPTABENE 1,5 mg/5 mg/1 ml burnos gleivinės purškalas 30 ml","8,09",SEPTABENE
SINUPRET INTENS 160 mg dengtos tabletės N20,"10,49",SINUPRET
EXODERIL 10 mg/ml odos tirpalas 20 ml,"11,79",EXODERIL
DETRALEX 500 mg plėvele dengtos tabletės N120,"39,99",DETRALEX
GRIPEX THERMAL 1000 mg/100 mg/ 12.2 mg milteliai geriamajam tirpalui N8,"6,09",GRIPEX
AMBROTUSIN 30 mg tabletės N20,"2,95",AMBROTUSIN
AMBROTUSIN 3 mg/ml sirupas 100 ml,"3,65",AMBROTUSIN
THERAFLU SN 500 mg/30 mg milteliai geriamajam tirpalui N10,"6,99",THERAFLU
VOLTAREN EMULGEL 23.2 mg/g gelis 150 g,"17,41",VOLTAREN
SEPTANAZAL 0.5 mg/50 mg/ml nosies purškalas 10 ml,"4,84",SEPTANAZAL
SEPTANAZAL 1 mg/50 mg/ml nosies purškalas 10 ml,"4,54",SEPTANAZAL
ONYTEC 80 mg/g vaistinis nagų lakas 3.3 ml,"25,09",ONYTEC
NALGESIN S 275 mg plėvele dengtos tabletės N20,"4,23",NALGESIN
IMODIUM INSTANT 2 mg burnoje disperguojamos tabletės N6,"5,04",IMODIUM
TONSILOTREN tabletės N40,"7,59",TONSILOTREN
CALCIGRAN FORTE LEMON 500 mg/800 TV kramtomosios tabletės N60,"11,79",CALCIGRAN
GRIPEX THERMAL 650 mg/50 mg/10 mg milteliai geriamajam tirpalui N8,"6,19",GRIPEX
LIVOSIL 140 mg kietosios kapsulės N60,"11,59",LIVOSIL
NICORETTE COOLMINT 1 mg/išpurškime burnos gleivinės purškalas 150 išpurškimų,"21,69",NICORETTE
"CARSIL 110 mg kietosios kapsulės, 30 kaps.","7,89",CARSIL
ESSENTIALE FORTE N 600 mg kietosios kapsulės N30,"12,89",ESSENTIALE
IBUPROM EXPRESS 400 mg minkštosios kapsulės N10,"2,49",IBUPROM
FLAVAMED 15 mg/5 ml geriamasis tirpalas 100 ml,"3,65",FLAVAMED
CINNABSIN N tabletės N40,"7,59",CINNABSIN
ACC 20 mg/ml geriamasis tirpalas 100 ml N1,"3,81",ACC
DUPHALAC FRUIT 667 mg/ml geriamasis tirpalas 15 ml N20,"8,99",DUPHALAC
FURASOL 100 mg/900 mg gargalas (milteliai tirpalui) N5,"6,79",FURASOL
DUPHALAC 667 mg/ml geriamasis tirpalas 1000 ml,"15,99",DUPHALAC
INFLUCID tabletės N40,"7,59",INFLUCID
NUROFEN FORTE EXPRESS 400 mg dengtos tabletės N12,"3,75",NUROFEN
VOLTAREN EMULGEL 23.2 mg/g gelis 100 g,"12,49",VOLTAREN
VOLTAREN EMULGEL 23.2 mg/g gelis 50 g,"7,12",VOLTAREN
HERBION 7 mg/ml sirupas 150 ml,"3,99",HERBION
GINKOBIL 120 mg kietosios kapsulės N40,"11,76",GINKOBIL
VOLTAREN AKTI 12.5 mg plėvele dengtos tabletės N10,"2,69",VOLTAREN
REHYDRON OPTIM 10.7 g milteliai geriamajam tirpalui N20,"21,66",REHYDRON
HIDRASEC 100 mg kietosios kapsulės N10,"8,44",HIDRASEC
OMEP UNO 20 mg skrandyje neirios kietosios kapsulės N14,"3,79",OMEP
OMEPRAZOLE INTELI 20 mg skrandyje neirios kietosios kapsulės N14,"2,99",OMEPRAZOLE
DELUFEN nosies purškalas (tirpalas) 20 ml,"7,09",DELUFEN
ORLISTAT POLPHARMA 60 mg kietosios kapsulės N42,"20,39",ORLISTAT
COLDREX MAXGRIP Menthol+Berries 1000 mg/10 mg/70 mg milteliai geriamajam tirpalui N10,"7,71",COLDREX
TANTUM VERDE 1.5mg/ml burnos tirpalas 240 ml,"7,99",TANTUM
DOPPELHERZ CARDIOHERBAL geriamasis skystis 500 ml,"8,89",DOPPELHERZ
STREPSILS INTENSIVE 8.75 mg kietosios pastilės N16,"7,49",STREPSILS
PIASCLEDINE  300 mg kietosios kapsulės N30,"25,09",PIASCLEDINE
CLIMOFEMIN 6.5 mg tabletės N30,"11,79",CLIMOFEMIN
SENEBACTUM 100 mg/ml odos tirpalas 100 ml,"5,69",SENEBACTUM
NEUREXAN tabletės N50,"6,79",NEUREXAN
THERAFLU 500 mg/6.1 mg/100 mg kietosios kapsulės N16,"4,59",THERAFLU
GRIPEX THERMAL 300 mg/20 mg/5 mg milteliai geriamajam tirpalui N12,"6,19",GRIPEX
APAP 500 mg plėvele dengtos tabletės N24,"3,46",APAP
APAP 250 mg granulės paketėlyje vaikams N10,"4,84",APAP
LOPERAMIDUM WZF POLFA 2 mg tabletės N10,"3,49",LOPERAMIDUM
DOLMEN 25 mg granulės geriamajam tirpalui N10,"3,85",DOLMEN
IBUSTAR 20 mg/ml geriamoji suspensija 100 ml,"3,75",IBUSTAR
IBUPROFEN LANNACHER 400 mg plėvele dengtos tabletės N10,"1,89",IBUPROFEN
AFLUBIN tabletės N48,"7,09",AFLUBIN
IPRAALOX 20 mg skrandyje neirios tabletės N14,"3,69",IPRAALOX
THROMBO ASS 75 mg skrandyje neirios tabletės N100,"3,89",THROMBO
MAALOX 460 mg/400 mg/4.3 ml geriamoji suspensija N20,"7,29",MAALOX
NOLPAZA 20 mg skrandyje neirios tabletės N7,"1,96",NOLPAZA
SINUPRET FORTE dengtos tabletės N20,"7,79",SINUPRET
DR.THEISS EUCALIPIN tepalas 50 g,"5,19",DR.THEISS
FENKAROL 25 mg tabletės N20,"5,79",FENKAROL
MINOXIDIL INTELI 50 mg/ml odos tirpalas 60 ml,"25,95",MINOXIDIL
MINOXIDIL INTELI 20 mg/ml odos tirpalas 60 ml,"23,76",MINOXIDIL
COLDREX MAXGRIP LEMON 1000 mg/10 mg/40 mg milteliai geriamajam tirpalui N10,"7,71",COLDREX
DECATYLEN 0.25 mg/0.03 mg kietosios pastilės N40,"9,49",DECATYLEN
ANTIFLAT 42 mg kramtomosios tabletės N50,"4,19",ANTIFLAT
MAALOX 400 mg/400 mg kramtomosios tabletės N40,"4,59",MAALOX
TANTUM VERDE FORTE 3 mg/ml burnos gleivinės purškalas 15 ml,"7,29",TANTUM
IBUPROM 400 mg plėvele dengtos tabletės N20,"3,59",IBUPROM
IBUMETIN 400 mg plėvele dengtos tabletės N20,"3,49",IBUMETIN
IBUPROM 400 mg plėvele dengtos tabletės N10,"2,69",IBUPROM
ACC LONG 600 mg šnypščiosios tabletės N6,"4,60",ACC
ASPIRIN CARDIO 100 mg skrandyje neirios tabletės N28,"3,55",ASPIRIN
NALGESIN S 275 mg plėvele dengtos tabletės N10,"3,39",NALGESIN
FLAVAMED 30 mg tabletės N20,"2,99",FLAVAMED
HJERTEMAGNYL 75 mg plėvele dengtos tabletės N100,"4,69",HJERTEMAGNYL
HJERTEMAGNYL 150 mg plėvele dengtos tabletės N30,"3,69",HJERTEMAGNYL
HJERTEMAGNYL 150 mg plėvele dengtos tabletės N90,"6,49",HJERTEMAGNYL
GRIPPOSTAD C kietosios kapsulės N24,"4,99",GRIPPOSTAD
NICORETTE FRESHMINT 4 mg vaistinė kramtomoji guma N30,"9,89",NICORETTE
TANTUM VERDE 3 mg kietosios pastilės N20,"6,45",TANTUM
NUROFEN FORTE 400 mg dengtos tabletės N12,"3,06",NUROFEN
VALERADIX tabletės N60,"5,09",VALERADIX
STREPSILS HONEY & LEMON 1.2 mg/0.6 mg kietosios pastilės N24,"6,39",STREPSILS
CORYZALIA dengtos tabletės N40,"5,39",CORYZALIA
ALKA-SELTZER 324 mg šnypščiosios tabletės N10,"3,99",ALKA-SELTZER
ACIC 50mg/g kremas 2 g,"4,54",ACIC
PERMETHRIN LMP 4% tepalas 40 g,"7,29",PERMETHRIN
NICORETTE INVISIPATCH 25 mg/16h transderminis pleistras N7,"22,29",NICORETTE
LIVOSIL 140 mg kietosios kapsulės N30,"5,69",LIVOSIL
NICORETTE FRESHFRUIT 4 mg vaistinė kramtomoji guma N30,"9,89",NICORETTE
LOMEXIN 2% odos purškalas 30 ml,"10,59",LOMEXIN
DENTOKIND tabletės N150,"9,89",DENTOKIND
DETRALEX 500 mg plėvele dengtos tabletės N60,"20,51",DETRALEX
NICORETTE INVISIPATCH 15 mg/16h transderminis pleistras N7,"22,29",NICORETTE
OTRIDUO 0.5 mg/0.6 g/ml nosies purškalas (tirpalas) 10 ml,"5,19",OTRIDUO
NEOASKOFENAS 200 mg/200 mg/40 mg tabletės N20,"3,49",NEOASKOFENAS
ENTEROL 250 mg kietosios kapsulės N20,"9,00",ENTEROL
FLAVAMED 30 mg/5 ml geriamasis tirpalas 100 ml,"3,85",FLAVAMED
COLDREX tabletės N24,"6,39",COLDREX
IMMUNOKIND N150,"9,89",IMMUNOKIND
TERBINAFIN RATIOPHARM 10 mg/g kremas 15 g,"6,59",TERBINAFIN
OLYNTH HA 1 mg/ml nosies purškalas (tirpalas) 10 ml,"5,09",OLYNTH
EXODERIL 10 mg/g kremas 30 g,"11,09",EXODERIL
APAP 500 mg plėvele dengtos tabletės N12,"0,99",APAP
THERAFLU ND 1000 mg/60 mg/30 mg milteliai geriamajam tirpalui N10,"7,59",THERAFLU
SANITAS 500 mg acetilsalicilo rūgšties tabletės N100,"9,09",SANITAS
GRIPEX plėvele dengtos tabletės N24,"6,82",GRIPEX
PHARMATEX 18.9 mg ovulės N10,"6,98",PHARMATEX
GINGIUM 120 mg plėvele dengtos tabletės N60,"17,89",GINGIUM
IBUPROM 200 mg dengtos tabletės N20,"3,79",IBUPROM
ELLAONE 30 mg tabletės N1,"18,20",ELLAONE
TANTUM ROSA 500 mg granulės makšties tirpalui N6,"14,29",TANTUM
THERAFLU NT 1000 mg/60 mg/30 mg milteliai geriamajam tirpalui N10,"7,59",THERAFLU
FINALGON 4 mg/25 mg/g tepalas 20 g,"4,69",FINALGON
STODAL sirupas 200ml,"6,69",STODAL
KETOCONAZOL RATIOPHARM 20 mg/ml šampūnas 60 ml,"8,09",KETOCONAZOL
EXODERIL 10 mg/g kremas 15 g,"7,09",EXODERIL
LINEX kietosios kapsulės N16,"6,39",LINEX
ESPUMISAN 40 mg minkštosios kapsulės N25,"2,47",ESPUMISAN
OLYNTH HA 0.5 mg/ml nosies purškalas (tirpalas) 10 ml,"5,49",OLYNTH
Gudobelių tinktūra VALENTIS geriamieji lašai (tirpalas) 80 ml,"1,59",Gudobelių
Vidurių lašai VALENTIS geriamieji lašai (tirpalas) 25 ml,"1,48",Vidurių
ESCAPELLE 1.5 mg tabletės N1,"14,09",ESCAPELLE
NICORETTE FRESHMINT 2 mg vaistinė kramtomoji guma N30,"9,39",NICORETTE
MICROLAX 5 ml tiesiosios žarnos tirpalas N4,"5,39",MICROLAX
OLFEN 10 mg/g gelis 50 g,"5,59",OLFEN
MEZYM 10000V skrandyje neirios tabletės N10,"2,79",MEZYM
SENEFOL 300 mg tabletės N60,"3,79",SENEFOL
Amoniakas VALENTIS 100 mg/ml odos tirpalas 40 ml,"1,47",Amoniakas
THERAFLU ND 1000 mg/60 mg/30 mg milteliai geriamajam tirpalui N6,"4,94",THERAFLU
OTRIVIN 1 mg/ml nosies lašai (tirpalas) 10 ml,"3,39",OTRIVIN
OTIPAX 40 mg/10 mg/g ausų lašai 15 ml,"4,69",OTIPAX
PSILO-BALSAM 10 mg/g gelis 20 g,"5,29",PSILO-BALSAM
Kamparas VALENTIS 100 mg/ml odos tirpalas 80 ml,"1,37",Kamparas
CORNEREGEL 50 mg/g akių gelis 10 g,"5,85",CORNEREGEL
GLUCOSAMIN RATIOPHARM 1.5 g milteliai geriamajam tirpalui N20,"11,49",GLUCOSAMIN
DENTINOX burnos gleivinės gelis 10 g,"6,69",DENTINOX
PERTUSINAS FORTE sirupas 100 ml,"3,29",PERTUSINAS
ELEVIT PRONATAL plėvele dengtos tabletės N30,"10,77",ELEVIT
KETOCONAZOL RATIOPHARM 20 mg/ml šampūnas 120 ml,"12,09",KETOCONAZOL
Ricinos aliejus VALENTIS geriamasis skystis 50 ml,"1,55",Ricinos
PARACETAMOLIS SANITAS 500 mg tabletės N20,"2,79",PARACETAMOLIS
RHINO-STAS 1 mg/ml nosies purškalas (tirpalas) 10 ml,"4,09",RHINO-STAS
LECROLYN 40 mg/ml akių lašai (tirpalas) 5 ml,"5,89",LECROLYN
LIOTON 1000 TV/g gelis 100 g,"16,79",LIOTON
Salicilo rūgštis VALENTIS 10 mg/ml odos tirpalas 80 ml,"0,99",Salicilo
MAGNE B6 geriamasis tirpalas 10 ml N10,"5,63",MAGNE
EXODERIL 10 mg/ml odos tirpalas 10 ml,"7,29",EXODERIL
PREFEMIN 20 mg plėvele dengtos tabletės N90,"16,99",PREFEMIN
"ŠVF vaistažolių arbata SENŲ LAPAI, 2 g, 24 vnt.","2,29",ŠVF
Kamparo aliejus VALENTIS 100 mg/ml odos tirpalas 30 ml,"1,49",Kamparo
MAALOX 40 mg/35 mg/ml geriamoji suspensija 250 ml,"5,19",MAALOX
NUX VOMICA-HOMACCORD geriamieji lašai (tirpalas) 30 ml,"7,75",NUX
MUCOFALK 3.25 g apelsinų skonio granulės geriamajam tirpalui N20,"10,59",MUCOFALK
SOLPADEINE SOLUBLE tirpinamosios tabletės N12,"4,99",SOLPADEINE
ESPUMISAN 40 mg minkštosios kapsulės N50,"3,94",ESPUMISAN
EMOX 100 mg/g gelis 55 g,"5,49",EMOX
BEPANTHEN PLUS 50 mg/5 mg/g kremas 30 g,"5,49",BEPANTHEN
GINGIUM 120 mg plėvele dengtos tabletės N30,"10,29",GINGIUM
PROSPAN  7 mg/m sirupas 100 ml,"6,82",PROSPAN
GALAZOLIN 500mcg/ml nosies lašai (tirpalas) 10 ml,"2,39",GALAZOLIN
NERVOHEEL N tabletės N50,"6,49",NERVOHEEL
SEDATIF PC tabletės N40,"5,53",SEDATIF
FENISTIL 1 mg/g gelis 30g,"5,49",FENISTIL
MICROLAX 625 mg/90 mg/9 mg/ml tiesiosios žarnos tirpalas N12,"14,49",MICROLAX
OLYNTH 1 mg/ml nosies lašai (tirpalas) 10 ml,"3,59",OLYNTH
FLUDITEC 20 mg/ml sirupas 125 ml,"3,81",FLUDITEC
PIRANTELIS POLPHARMA (MEDANA) 250 mg/5 ml geriamoji suspensija 15 ml,"3,99",PIRANTELIS
ENTEROL 250 mg milteliai geriamajai suspensijai N10,"6,62",ENTEROL
JOX 85/1 mg/ml burnos gleivinės purškalas 30 ml,"6,49",JOX
EUPHORBIUM COMPOSITUM S nosies purškalas (tirpalas) 20 ml,"7,09",EUPHORBIUM
DUPHALAC 667 mg/ml geriamasis tirpalas 200 ml,"4,99",DUPHALAC
TREJOS DEVYNERIOS geriamasis tirpalas 200 ml,"9,39",TREJOS
VALERADIX tabletės N20,"1,89",VALERADIX
KAPSIKAM tepalas 50 g,"7,69",KAPSIKAM
CANIFUG CREMOLUM 200 mg makšties žvakutės N3,"8,89",CANIFUG
METEOSPASMYL 60 mg/300 mg minkštosios kapsulės N20,"4,79",METEOSPASMYL
TOT' HEMA 10 ml geriamasis tirpalas N20,"7,19",TOT'
NIZORAL 20 mg/ml šampūnas 60 ml,"9,79",NIZORAL
FERRETAB COMP pailginto atpalaidavimo kietosios kapsulės N30,"4,57",FERRETAB
BISACODYL GRINDEKS 5 mg skrandyje neirios tabletės N40,"4,79",BISACODYL
BETADINE 100 mg/ml odos tirpalas 120 ml,"9,39",BETADINE
ENTEROL 250 mg kietosios kapsulės N10,"6,25",ENTEROL
VIBROCIL 2.5 mg/0.25 mg/ml nosies lašai (tirpalas) 15 ml,"4,79",VIBROCIL
VIBURCOL žvakutės N12,"6,19",VIBURCOL
VERTIGOHEEL tabletės N50,"6,49",VERTIGOHEEL
Medetkų tinktūra VALENTIS odos tirpalas ar koncentratas burnos gleivinės tirpalui 40 ml,"1,35",Medetkų
VENORUTON 1000 mg šnypščiosios tabletės N15,"14,19",VENORUTON
ALMAGEL A geriamoji suspensija 170 ml,"3,59",ALMAGEL
OLFEN 140 mg vaistinis pleistras N5,"12,17",OLFEN
SAB SIMPLEX 69.19 mg/ml geriamieji lašai 30 ml,"3,08",SAB
ACICLOVIR ACTAVIS 50 mg/g kremas 5 g,"5,19",ACICLOVIR
Širdies lašai VALENTIS geriamieji lašai (tirpalas) 40 ml,"1,49",Širdies
ENGYSTOL tabletės N50,"6,59",ENGYSTOL
GALAZOLIN 1 mg/ml nosies lašai (tirpalas) 10 ml,"2,39",GALAZOLIN
FERVEX 500 mg/200 mg/25 mg granulės geriamajam tirpalui suaugusiems be cukraus N8,"6,92",FERVEX
ACC 100 mg milteliai geriamajam tirpalui N20,"3,94",ACC
OSCILLOCOCCINUM piliulės vienadozėje talpyklėje N6,"6,09",OSCILLOCOCCINUM
SEDALIA sirupas 200 ml,"6,55",SEDALIA
"DECATYLEN 0,25 mg/0,03 mg kietosios pastilės N20","6,33",DECATYLEN
BETADINE 100 mg/ml odos tirpalas 1000 ml,"19,59",BETADINE
HERZ ASS-RATIOPHARM 100 mg tabletės N100,"4,49",HERZ
VIPROSAL B tepalas 50 g,"7,71",VIPROSAL
RENNIE 680 mg/80 mg kramtomosios tabletės 24,"3,26",RENNIE
FERVEX 500 mg/200 mg/25 mg granulės geriamajam tirpalui N8,"6,52",FERVEX
SMECTA 3 g milteliai geriamajai suspensijai N30,"7,99",SMECTA
SMECTA 3 g milteliai geriamajai suspensijai N10,"4,49",SMECTA
OLYNTH 1 mg/ml nosies purškalas (tirpalas) 10 ml,"4,99",OLYNTH
ARTELAC 3.2 mg/ml akių lašai 10 ml,"4,89",ARTELAC
BETADINE 100 mg/g tepalas 20 g,"5,19",BETADINE
PERTUSINAS sirupas 100 ml,"2,79",PERTUSINAS
ZEEL T tepalas 50 g,"9,09",ZEEL
SARIDON tabletės N10,"2,09",SARIDON
Sukatžolių tinktūra VALENTIS geriamieji lašai 25 ml,"1,09",Sukatžolių
OLFEN 140 mg vaistinis pleistras N2,"6,92",OLFEN
ANGIN-HEEL S tabletės N50,"6,49",ANGIN-HEEL
ACYCLOVIR STADA 50 mg/g kremas 5 g,"5,59",ACYCLOVIR
LAMISIL 10 mg/g kremas 15 g,"9,29",LAMISIL
OCULOHEEL akių lašai (tirpalas) 15 ml,"8,09",OCULOHEEL
BISACODYL VIATRIS 5 mg dengtos tabletės N30,"3,38",BISACODYL
IBUPROM 200 mg dengtos tabletės N10,"2,29",IBUPROM
VOLTAREN EMULGEL 11.6 mg/g gelis 50 g,"5,09",VOLTAREN
THERAFLU NT 1000 mg/60 mg/30 mg/4 mg milteliai geriamajam tirpalui N6,"4,94",THERAFLU
LYMPHOMYOSOT geriamieji lašai (tirpalas) 30 ml,"7,79",LYMPHOMYOSOT
BETADINE 100 mg/ml odos tirpalas 30 ml,"4,79",BETADINE
LYMPHOMYOSOT tabletės N50,"6,49",LYMPHOMYOSOT
FORLAX 10 g milteliai geriamajam tirpalui N20,"6,49",FORLAX
PARACETAMOL-RATIOPHARM 125 mg žvakutės N10,"2,99",PARACETAMOL-RATIOPHARM
ESPUMISAN L 40 mg/ml geriamoji emulsija 30 ml,"4,29",ESPUMISAN
POSTERISAN FORTE žvakutės N10,"9,56",POSTERISAN
POSTERISAN FORTE tepalas 25 g,"9,55",POSTERISAN
GASTRICUMEEL tabletės N50,"6,49",GASTRICUMEEL
ACTIFED 60 mg/2.5 mg tabletės N12,"8,01",ACTIFED
ACTIFED 30 mg/1.25 mg/5 ml sirupas 100 ml,"7,27",ACTIFED
ACETERIN EXPRESS 10 mg plėvele dengtos tabletės N10,"3,97",ACETERIN
DIGESTIVE AID tabletės N60,"4,59",DIGESTIVE
POSTERISAN žvakutės N10,"8,80",POSTERISAN
BEPANTHEN 50 mg/g tepalas 30 g,"5,09",BEPANTHEN
TAVEGYL 1 mg tabletės N20,"5,59",TAVEGYL
XYMELIN MENTHOL 1 mg/ml nosies purškalas (tirpalas) 10 ml,"4,79",XYMELIN
ODESTON 200 mg tabletės N50,"7,12",ODESTON
BRONCHALIS-HEEL tabletės N50,"6,49",BRONCHALIS-HEEL
STOPTUSSIN 4 mg/100 mg tabletės N20,"3,59",STOPTUSSIN
ALLERGODIL 0.5 mg/ml akių lašai (tirpalas) 6 ml,"6,98",ALLERGODIL
FLAVAMED 60 mg šnypščiosios tabletės N10,"4,54",FLAVAMED
TANTUM VERDE 1.5 mg/ml burnos gleivinės purškalas 30 ml,"7,02",TANTUM
MENOVAZINAS N 25/10 mg/ml odos tirpalas 40 ml,"1,87",MENOVAZINAS
GINKOMED geriamasis tirpalas 100 ml,"2,99",GINKOMED
THROMBO ASS 50 mg skrandyje neirios tabletės N100,"3,49",THROMBO
POSTERISAN tepalas 25 g,"8,80",POSTERISAN
BROMHEXIN 8 mg tabletės N50,"5,69",BROMHEXIN
FLUDITEC 50 mg/ml sirupas 125 ml,"3,99",FLUDITEC
DEEP HEAT kremas 67 g,"5,78",DEEP
CONTRACTUBEX 100 mg/50 TV/10 mg/g gelis 20 g,"14,19",CONTRACTUBEX
ACC 200 mg milteliai geriamajam tirpalui N20,"3,95",ACC
ROWATINEX skrandyje neirios minkštosios kapsulės N100,"15,39",ROWATINEX
PANADOL 24 mg/ml geriamoji suspensija 100 ml,"5,39",PANADOL
OTRIVIN MENTHOL 1 mg/ml nosies purškalas (tirpalas) 10 ml,"4,99",OTRIVIN
LIOTON 1000 TV/g gelis 50 g,"8,49",LIOTON
GRIPEX plėvele dengtos tabletės N12,"2,99",GRIPEX
FERRETAB COMP  152.1 mg/0.5 mg pailginto atpalaidavimo kietosios kapsulės N100,"12,19",FERRETAB
DALERON COLD3 plėvele dengtos tabletės N12,"4,29",DALERON
AFLUBIN geriamieji lašai (tirpalas) 50 ml,"9,88",AFLUBIN
STREPSILS MENTHOL & EUCALYPTUS 1.2 mg/0.6 mg/8 mg kietosios pastilės N24,"6,89",STREPSILS
OTRIVIN 1 mg/ml nosies purškalas (tirpalas) 10 ml,"4,79",OTRIVIN
ACC LONG 600 mg šnypščiosios tabletės N10,"6,91",ACC
CARBOSAN 20 mg/g gelis 5 g,"4,29",CARBOSAN
TROPEX EAR ausų lašai 10 ml,"7,69",TROPEX
PHOSPHOR-HOMACCORD geriamieji lašai (tirpalas) 30 ml,"7,79",PHOSPHOR-HOMACCORD
PARACETAMOL-RATIOPHARM 250 mg žvakutės N10,"2,97",PARACETAMOL-RATIOPHARM
UMCKALOR 800 mg/g geriamieji lašai (tirpalas) 20 ml,"9,19",UMCKALOR
GASTROVAL geriamieji lašai (tirpalas) 25 ml,"2,59",GASTROVAL
MILGAMMA N 40 mg/90 mg/250 mcg kapsulės N20,"4,89",MILGAMMA
Jodas VALENTIS 5% odos tirpalas 10 ml,"1,15",Jodas
RAMEVAL geriamieji lašai (tirpalas) 50 ml,"1,69",RAMEVAL
MERCURIUS-HEEL S tabletės N50,"5,09",MERCURIUS-HEEL
BROMHEXIN 8 mg dengtos tabletės N25,"2,79",BROMHEXIN
BROMHEXIN GRINDEKS 4 mg dengtos tabletės N50,"4,99",BROMHEXIN
Valerijonų tinktūra VALENTIS geriamieji lašai tirpalas 30 ml,"1,08",Valerijonų
EUCABAL-BALSAM S 100 mg/30 mg/g kremas 40 ml,"5,09",EUCABAL-BALSAM
ACC 200 mg šnypščiosios tabletės N20,"4,98",ACC
GUTTALAX 7.5 mg/ml geriamieji lašai (tirpalas) 15 ml,"4,25",GUTTALAX
PROCTO-GLYVENOL 400/40 mg žvakutės N10,"9,42",PROCTO-GLYVENOL
PROCTO-GLYVENOL 50 mg/20 mg/g tiesiosios žarnos kremas 30 g,"9,42",PROCTO-GLYVENOL
OTRIVIN 0.5 mg/ml nosies lašai (tirpalas) 10 ml,"3,39",OTRIVIN
CLARITINE 10 mg tabletės N10,"4,39",CLARITINE
NEUROMULTIVIT plėvele dengtos tabletės N100,"16,29",NEUROMULTIVIT
RAPHACHOLIN dengtos tabletės N30,"6,19",RAPHACHOLIN
DOLMEN 25 mg plėvele dengtos tabletės N10,"3,45",DOLMEN
KAMISTAD N 20 mg/185 mg /g gelis 10 g,"6,79",KAMISTAD
Mėtų tinktūra VALENTIS geriamieji lašai 25 ml,"1,79",Mėtų
COLDREX tabletės N12,"4,19",COLDREX
BEPANTHEN 50 mg/g kremas 30 g,"5,09",BEPANTHEN
BENZOTAL 200 mg/g tepalas 30 g,"11,59",BENZOTAL
DALERON COLD3 plėvele dengtos tabletės N24,"7,19",DALERON
IMODIUM 2 mg kietosios kapsulės N6,"4,54",IMODIUM
TRAUMEEL S tepalas 50 g,"9,09",TRAUMEEL
TRAUMEEL S tabletės N50,"6,49",TRAUMEEL
ZEEL T tabletės N50,"6,49",ZEEL
LOPEDIUM EXPRESS 2 mg kietosios kapsulės N10,"3,55",LOPEDIUM
SINUPRET geriamieji lašai (tirpalas) 100ml,"8,09",SINUPRET
NEUROMED geriamieji lašai (tirpalas) 50 ml,"2,76",NEUROMED
DR. THEISS ECHINACEA FORTE 0.756 ml/ml geriamieji lašai (tirpalas) 50 ml,"4,49",DR.
OLFEN 140 mg vaistinis pleistras N10,"19,99",OLFEN
SPASCUPREEL tabletės N50,"6,49",SPASCUPREEL
ESSENTIALE FORTE N 300 mg kietosios kapsulės N30,"5,99",ESSENTIALE
AFLUBIN geriamieji lašai (tirpalas) 20 ml,"5,59",AFLUBIN
Salicilio rūgštis VALENTIS 10 mg/ml odos tirpalas 40 ml,"0,69",Salicilio
NICORETTE FRESHFRUIT 2 mg vaistinė kramtomoji guma N30,"9,89",NICORETTE
IBUMETIN 200 mg plėvele dengtos tabletės N10,"1,97",IBUMETIN
ZYRTEC 1 mg/ml geriamasis tirpalas 75 ml,"3,49",ZYRTEC
PEDEKS 4.135 mg/ml odos tirpalas 60 ml,"4,19",PEDEKS
HELMINTOX 125 mg plėvele dengtos tabletės N6,"3,95",HELMINTOX
HEDELIX 8 mg/ml sirupas 100 ml,"5,29",HEDELIX
XYMELIN 1mg/ml nosies lašai (tirpalas) 10 ml,"3,29",XYMELIN
KLIMAKT-HEEL tabletės N50,"6,19",KLIMAKT-HEEL
PROSTAMOL UNO 320 mg minkštosios kapsulės N30,"12,49",PROSTAMOL
CARSIL 22.5 mg dengtos tabletės N80,"5,59",CARSIL
DOLOBENE gelis 50 g,"10,29",DOLOBENE
Kalio permanganatas VALENTIS milteliai odos tirpalui 10 g,"1,55",Kalio
CALCIGRAN 500 mg/200 TV kramtomosios tabletės N30,"4,79",CALCIGRAN
DETRALEX 500 mg plėvele dengtos tabletės N30,"11,57",DETRALEX
COLDREX HOTREM LEMON 750 mg/10 mg/60 mg milteliai geriamajam tirpalui N5,"4,35",COLDREX
HOMEOVOX dengtos tabletės N60,"5,69",HOMEOVOX
PROSPAN 65 mg šnypščiosios tabletės N10,"6,57",PROSPAN
HEPEEL tabletės N50,"6,49",HEPEEL
BRONTEX 15 mg/5 ml sirupas 100 ml,"2,89",BRONTEX
BRONTEX 7.5 mg/ml geriamieji lašai (tirpalas) 100 ml,"4,59",BRONTEX
NEURORUBINE FORTE LACTAB plėvele dengtos tabletės N20,"5,19",NEURORUBINE
OTINUM 200 mg/g ausų lašai (tirpalas) 10 g,"5,27",OTINUM
CALCIGRAN FORTE 500 mg/400 TV kramtomosios tabletės N60,"9,89",CALCIGRAN
Valerijonų tinktūra VALENTIS geriamieji lašai tirpalas 50 ml,"1,59",Valerijonų
STREPSILS VITAMIN C 1.2 mg/0.6 mg/100 mg kietosios pastilės N24,"6,89",STREPSILS
DICLAC 50 mg/g gelis 50 g,"6,13",DICLAC
DICLAC 50 mg/g gelis 100 g,"9,00",DICLAC
OFTAGEL 2.5 mg/g akių gelis 10 g,"5,19",OFTAGEL
VENORUTON FORTE 500 mg tabletės N30,"9,49",VENORUTON
CALCIGRAN SINE 500 mg kramtomosios tabletės N100,"9,09",CALCIGRAN
BENFOGAMMA 50 mg dengtos tabletės N50,"7,59",BENFOGAMMA
GYNACOHEEL geriamieji lašai (tirpalas) 30 ml,"7,09",GYNACOHEEL
HELMINTOX 125 mg/2.5ml geriamoji suspensija 15 ml,"3,89",HELMINTOX
UPSARIN C 330 mg/200 mg šnypščiosios tabletės N20,"6,62",UPSARIN
CALCIGRAN 500 mg/200 TV kramtomosios tabletės N100,"9,89",CALCIGRAN
BRONTEX 30 mg tabletės N20,"2,69",BRONTEX
GUTTALAX 7.5 mg/ml geriamieji lašai (tirpalas) 30 ml,"7,02",GUTTALAX
REGULAX PICOSULPHATE geriamieji lašai 20 ml,"3,79",REGULAX
PARACETAMOL ACTAVIS 500 mg tabletės N20,"2,07",PARACETAMOL
ALLERGODIL 1 mg/ml nosies purškalas (tirpalas) 10 ml,"6,98",ALLERGODIL
SOLPADEINE tabletės N12,"4,39",SOLPADEINE
Širdies darbą gerinantys lašai VALENTIS geriamieji lašai (tirpalas) 30 ml,"1,22",Širdies
ECHINACEA COMPOSITUM COSMOPLEX tabletės N50,"5,09",ECHINACEA
ASPIRIN C 240 mg/400 mg šnypščiosios tabletės N10,"4,69",ASPIRIN
ROWATINEX skrandyje neirios minkštosios kapsulės N50,"8,29",ROWATINEX
ZYRTEC 10 mg plėvele dengtos tabletės N10,"4,19",ZYRTEC
PERSEN FORTE kietosios kapsulės N20,"5,89",PERSEN
PERSEN dengtos tabletės N40,"5,89",PERSEN
ASPIRIN 500 mg tabletės N20,"3,49",ASPIRIN
RADIREX 513.5 mg tabletės N10,"3,89",RADIREX
LORATIN EXPRESS 10 mg tabletės N10,"4,29",LORATIN
HELMINTOX 250 mg plėvele dengtos tabletės N3,"3,95",HELMINTOX
HEMOROL žvakutės N12,"7,19",HEMOROL
DEEP RELIEF gelis 50 g,"6,33",DEEP
PANANGIN 158/140 mg plėvele dengtos tabletės N50,"6,89",PANANGIN
COLDREX HOTREM LEMON 750 mg/10 mg/60 mg milteliai geriamajam tirpalui N10,"3,49",COLDREX
ASPIRIN 500 mg tabletės N100,"10,09",ASPIRIN
PROPOLIS MDF 300 mg/ml burnos gleivinės ar gerklų ir ryklės tirpalas 30 ml,"5,49",PROPOLIS
Kalio permanganatas VALENTIS milteliai odos tirpalui 5 g,"1,45",Kalio
IBUMETIN 400 mg plėvele dengtos tabletės N10,"2,37",IBUMETIN
GRIPP-HEEL tabletės N50,"6,49",GRIPP-HEEL
DICLAC 1 % gelis 50 g,"5,19",DICLAC
YPSILOHEEL N tabletės N50,"6,49",YPSILOHEEL
Jodas BP 5% odos tirpalas 10 ml,"1,18",Jodas
Gudobelių skystasis ekstraktas VALENTIS geriamieji lašai (tirpalas) 25 ml,"1,56",Gudobelių
DUPHALAC 667 mg/ml geriamasis tirpalas 500 ml,"10,29",DUPHALAC
LIDOPOSTERIN tepalas 25 g,"9,56",LIDOPOSTERIN
LIUGOLIS 12.5 mg/ml burnos gleivinės purškalas (tirpalas) 50 ml,"3,19",LIUGOLIS
"CAGYNOL ovulė 300 mg, 1vnt.","10,50",CAGYNOL
NIZORAL 20 mg/ml šampūnas 120 ml,"15,83",NIZORAL
AMBROLAN 30 mg tabletės N20,"2,79",AMBROLAN
MAGNESIUM DIASPORAL ORANGE 98.6 mg kietosios pastilės N50,"7,19",MAGNESIUM
NIQUITIN MINT 2 mg vaistinė kramtomoji guma N30,"8,71",NIQUITIN
NIQUITIN MINT 4 mg vaistinė kramtomoji guma N30,"8,70",NIQUITIN
NIQUITIN 21 mg/24 h transderminis pleistras N7,"19,12",NIQUITIN
ACTIFED 30 mg/1.25 mg/5 ml sirupas 100 ml,"7,89",ACTIFED
CLARITINE 10 mg tabletės N10,"3,79",CLARITINE
LORATADIN BIJON 10 mg tabletės N10,"4,31",LORATADIN
AFRIN 0.5 mg/ml nosies purškalas (tirpalas) 15 ml,"4,61",AFRIN
NIQUITIN 14 mg/24 val. transderminis pleistras 7 vnt.,"19,12",NIQUITIN
EFFERALGAN C 330 mg/200 mg šnypščiosios tabletės N20,"4,59",EFFERALGAN
"OMEPRAZOLE NORD 20 mg skrandyje neirios kietosios kapsulės, 14 vnt.","3,39",OMEPRAZOLE
GELOMYRTOL FORTE 300 mg skrandyje neirios minkštosios kapsulės N100,"22,88",GELOMYRTOL
NUROFEN FORTE ORANGE 40 mg/ml geriamoji suspensija 100 ml,"7,89",NUROFEN
PANANGIN FORTE 316 mg/280 mg plėvele dengtos tabletės N60,"15,02",PANANGIN
PREFEMIN 20 mg plėvele dengtos tabletės N30,"6,89",PREFEMIN
CETIRIZIN BIJON 10 mg plėvele dengtos tabletės N10,"3,31",CETIRIZIN
DICLOFENAC MYLAN 180 mg vaistinis pleistras N10,"16,91",DICLOFENAC
DICLOFENAC MYLAN 180 mg vaistinis pleistras N5,"10,11",DICLOFENAC
BILOBIL FORTE 80 mg kietosios kapsulės N60,"11,51",BILOBIL
ZOVIDUO 50 mg/10 mg/g kremas 2 g,"9,39",ZOVIDUO
EXNOS MENTHOL 0.5 mg/ml nosies purškalas (tirpalas) 10 ml,"5,19",EXNOS
EXNOS 0.5 mg/ml nosies lašai (tirpalai) 10 ml,"3,53",EXNOS
LENOSTELLA 1.5 mg tabletės N1,"13,89",LENOSTELLA
GERTOL skrandyje neirios minkštosios kapsulės N20,"5,27",GERTOL
VOLTAREN AKTI 25 mg minkštosios kapsulės N10,"4,39",VOLTAREN
ALOPER 2 mg/125 mg tabletės N10,"3,59",ALOPER
GINKOBIL 80 mg kietosios kapsulės N40,"9,89",GINKOBIL
PROSPAN geriamieji lašai (tirpalas) 20 ml,"5,89",PROSPAN
COLDREX HOTREM HONEY+ LEMON 750 mg/10 mg/60 mg milteliai geriamajam tirpalui N10,"6,65",COLDREX
MIKANISAL 20 mg/g šampūnas 60 ml,"9,49",MIKANISAL
ACETYLSALICYLIC ACID GRINDEKS 500 mg tabletės N10,"3,08",ACETYLSALICYLIC
LORATADINE ACTAVIS 10 mg tabletės N10,"4,09",LORATADINE
IBEROGAST geriamasis skystis 20 ml,"6,49",IBEROGAST
CEVIKAP 100 mg/ml geriamieji lašai (tirpalas) 30 ml,"1,78",CEVIKAP
NUROFEN 200 mg dengtos tabletės N12,"2,27",NUROFEN
SYMPATHYL plėvele dengtos tabletės N40,"4,54",SYMPATHYL
ACETYLSALICYLIC ACID GRINDEKS 500 mg tabletės N20,"4,09",ACETYLSALICYLIC
TEARS NATURALE akių lašai 15 ml,"5,69",TEARS
MAGNEROT 500 mg tabletės N50,"7,49",MAGNEROT
ROWACHOL skrandyje neirios minkštosios kapsulės N100,"15,39",ROWACHOL
Čemeryčių vanduo VALENTIS odos tirpalas 40 ml,"2,07",Čemeryčių
PHLOGENZYM skrandyje neirios tabletės N40,"12,72",PHLOGENZYM
Arnikų tinktūra VALENTIS odos tirpalas 40 ml,"1,69",Arnikų
FARINGOSEPT 10 mg suslėgtosios pastilės N20,"2,99",FARINGOSEPT
PAXELADINE 2 mg/ml sirupas 125 ml,"5,09",PAXELADINE
ROWACHOL kapsulės N50,"8,29",ROWACHOL
PHARMATEX 20 mg makšties tabletės N12,"4,07",PHARMATEX
HEXORALETTEN N 5 mg/1.5 mg kietosios pastilės N20,"4,39",HEXORALETTEN
WOBENZYM tabletės N40,"6,89",WOBENZYM
LAMISIL DERMGEL 10 mg/g gelis 15 g,"9,29",LAMISIL
