Title_euro,Brand,Category,Price_euro,Title_100metu,Price_100metu,Manufacturer,Title_camelia,Price_camelia
"FLAVAMED, 15 mg/5 ml, Geriamasis tirpalas, N1",FLAVAMED,Vaistinis preparatas,"4,57",FLAVAMED 15 mg/5 ml geriamasis tirpalas 100 ml N1,3.71,Berlin Chemie,FLAVAMED 15 mg/5 ml geriamasis tirpalas 100 ml,"3,65"
"IBUSTAR, 400 mg, plėvele dengtos tabletės, N10",IBUSTAR,Vaistinis preparatas,"1,14",IBUSTAR (vaikams) 20 mg/ml geriamoji suspensija 100 ml,3.82,Berlin Chemie,IBUSTAR 400 mg plėvele dengtos tabletės N10,"1,67"
"Mezym 20000 V, Skrandyje neirios tabletės, N20",MEZYM,Vaistinis preparatas,"7,49",MEZYM 10000 V skrandyje neirios tabletės N10,2.75,Berlin Chemie,MEZYM 20000 V skrandyje neirios tabletės N20,"6,45"
"NIQUITIN MINT, 4mg, vaistinė kramtomoji guma, N30",NIQUITIN,Vaistinis preparatas,"8,99",NIQUITIN 21 mg/24 val.transderminis pleistras N7,19.64,Richard Bittner AG,NIQUITIN MINT 2 mg vaistinė kramtomoji guma N30,"8,71"
"ONYTEC, 80 mg/g, vaistinis nagų lakas, N1",ONYTEC,Vaistinis preparatas,"19,99","ONYTEC 80 mg/g vaistinis nagų lakas 3,3 ml",25.31,Polichem S.A.,ONYTEC 80 mg/g vaistinis nagų lakas 3.3 ml,"25,09"
"Magnesium-Diasporal, 295,7mg/5g, granulės geriamajam tirpalui, N50",MAGNESIUM,Vaistinis preparatas,"15,99","MAGNESIUM Diasporal 295,7 mg/5g granulės geriamajam tirpalui paketėlyje N20",8.3,Protina GmbH,MAGNESIUM DIASPORAL 295.7 mg/5 g granulės geriamajam tirpalui N20,"9,18"
"IBUMETIN, 400 mg, plėvele dengtos tabletės, N20",IBUMETIN,Vaistinis preparatas,"4,28",IBUMETIN 200 mg plėvele dengtos tabletės N10,1.85,Orifarm Healthcare A/S,IBUMETIN 400 mg plėvele dengtos tabletės N20,"3,49"
"DETRALEX, 500 mg, plėvele dengtos tabletės, N120",DETRALEX,Vaistinis preparatas,"41,99",DETRALEX 500 mg plėvele dengtos tabletės N120,40.03,Les Laboratoires Servier,DETRALEX 500 mg plėvele dengtos tabletės N120,"39,99"
"POSAMYK, 78,22 mg/ml, vaistinis nagų lakas, N1",POSAMYK,Vaistinis preparatas,"22,99","POSAMYK 78,22 mg/ml vaistinis nagų lakas 3,3 ml",23.92,Sandoz d.d.,POSAMYK 78.22 mg/ml vaistinis nagų lakas 3.3 ml,"22,79"
"LIOTON, 100 g, Gelis, N1",LIOTON,Vaistinis preparatas,"19,84",LIOTON 1000 TV/g gelis 100 g,16.96,Berlin Chemie,LIOTON 1000 TV/g gelis 100 g,"16,79"
"UMCKALOR, geriamieji lašai, tirpalas, N1",UMCKALOR,Vaistinis preparatas,"10,86",UMCKALOR 20 mg plėvele dengtos tabletės N15,9.51,Deutsche Homoopathie,UMCKALOR 20 mg plėvele dengtos tabletės N15,"9,39"
"SINUPRET INTENS, 160mg, dengtos tabletės, N20",SINUPRET,Vaistinis preparatas,"10,61",SINUPRET dengtos tabletės N100,16.53,Bionorica GmbH,SINUPRET dengtos tabletės N100,"16,39"
"BEPANTHEN 30 mg/g su dekspantenoliu, Tepalas, N1",BEPANTHEN,Vaistinis preparatas,"5,76",BEPANTHEN 50 mg/g kremas 30 g N1,5.14,Bayer AG,BEPANTHEN PLUS 50 mg/5 mg/g kremas 30 g,"5,49"
"RENNIE, 680 mg / 80 mg, kramtomosios tabletės, N24",RENNIE,Vaistinis preparatas,"3,51",RENNIE 680 mg/80 mg kramtomosios tabletės N24,3.51,Bayer AG,RENNIE ORANGE 680mg/80mg kramtomosios tabletės N24,"3,49"
"Panangin 316 mg/280 mg, plėvele dengtos tabletės, N30",PANANGIN,Vaistinis preparatas,"11,52",PANANGIN 158 mg/140 mg plėvele dengtos tabletės N50,7.26,Gedeon Richter Plc,PANANGIN 316 mg/280 mg plėvele dengtos tabletės N30,"9,89"
"PERTUSINAS forte, 100 ml, Sirupas, N1",PERTUSINAS,Vaistinis preparatas,"3,51",PERTUSINAS Forte sirupas 100 ml,3.47,"Valentis, UAB",PERTUSINAS vaikams sirupas 100 ml,"3,99"
"Prostamol uno, 320mg, Minkštosios kapsulės, N60",PROSTAMOL,Vaistinis preparatas,"29,41",PROSTAMOL Uno 320 mg kapsulės N30,12.75,Berlin Chemie,PROSTAMOL UNO 320 mg minkštosios kapsulės N90,"39,59"
"PIASCLEDINE, 300mg, kietosios kapsulės, Kietosios kapsulės, N30",PIASCLEDINE,Vaistinis preparatas,"25,41",PIASCLEDINE 300 mg kietosios kapsulės N30,25.41,Laboratoires Expanscience,PIASCLEDINE  300 mg kietosios kapsulės N30,"25,09"
"BEOTEBAL, 10 mg, Tabletės, N60",BEOTEBAL,Vaistinis preparatas,"25,99",BEOTEBAL 10 mg tabletės N30,17.04,Pharm.Works Polpharma S.A.,BEOTEBAL 10 mg tabletės N30,"15,24"
"FORLAX 10 g, milteliai geriamajam tirpalui paketėlyje, N20",FORLAX,Vaistinis preparatas,"6,59",FORLAX 10 g milteliai geriamajam tirpalui N20,6.59,Beaufour Ipsen,FORLAX 10 g milteliai geriamajam tirpalui N10,"3,89"
"CANEPHRON INTENS, 36mg/36mg/36mg, dengtos tabletės, N30",CANEPHRON,Vaistinis preparatas,"12,74",CANEPHRON dengtos tabletės N60,11.53,Bionorica GmbH,CANEPHRON dengtos tabletės N60,"11,39"
"NEOCITRAMONAS, 240mg+200mg+30mg, Tabletės, N20",NEOCITRAMONAS,Vaistinis preparatas,"3,99",NEOCITRAMONAS tabletės N20,3.58,PharmaSwiss s.r.o.,NEOCITRAMONAS 240 mg/200 mg/30 mg tabletės N20,"2,98"
"DECATYLEN, 0,25mg+0,03mg, kietosios pastilės, N40",DECATYLEN,Vaistinis preparatas,"9,65","DECATYLEN 0,25 mg/0,03 mg kietosios pastilės N20",6.64,Mepha Ltd,DECATYLEN 0.25 mg/0.03 mg kietosios pastilės N40,"9,49"
"CANESTEN, 500 mg, makšties minkštoji kapsulė, N1",CANESTEN,Vaistinis preparatas,"10,87","CANESTEN 500 mg makšties minkštoji kapsulė, N1",10.1,Bayer AG,"CANESTEN 10 m g/g kremas, 20 g","4,74"
"SOLPADEINE EXPRESS 500 mg/65 mg, Šnypščiosios tabletės, N16",SOLPADEINE,Vaistinis preparatas,"4,49",SOLPADEINE 500 mg/8 mg/30 mg tabletės N12,5.23,Omega Pharma,SOLPADEINE EXPRESS 500 mg/65 mg šnypščiosios tabletės N16,"4,39"
"Otrivin, 1mg/ml, 10 ml, nosies purškalas (tirpalas), N1",OTRIVIN,Vaistinis preparatas,"4,88","OTRIVIN 0,5 mg/ml nosies lašai (tirpalas) 10 ml",3.15,Novartis,OTRIVIN 1 mg/ml nosies lašai (tirpalas) 10 ml,"3,39"
"STREPSILS INTENSIVE 8,75mg, kietosios pastilės, N24",STREPSILS,Vaistinis preparatas,"10,36",STREPSILS Honey & Lemon 1.2 mg/0.6 mg kietosios pastilės N24,7.66,Reckitt Benckiser Healthcare,STREPSILS INTENSIVE 8.75 mg kietosios pastilės N24,"9,69"
"ELEVIT PRONATAL, plėvele dengtos tabletės, N30",ELEVIT,Vaistinis preparatas,"12,59",ELEVIT Pronatal plėvele dengtos tabletės N30,11.95,Bayer AG,ELEVIT PRONATAL plėvele dengtos tabletės N30,"10,77"
"ASPIRIN CARDIO, 100 mg, Skrandyje neirios tabletės, N98",ASPIRIN,Vaistinis preparatas,"6,93",ASPIRIN 500 mg tabletės N100,9.57,Bayer AG,ASPIRIN CARDIO 100 mg skrandyje neirios tabletės N98,"6,62"
"OKTISEPTAS, 250 ml, odos tirpalas, N1",OKTISEPTAS,Vaistinis preparatas,"9,68",OKTISEPTAS 1 mg/20 mg/ml (su purškalo pompa) odos tirpalas 250 ml N1,9.68,"Apiterapija, UAB","OKTISEPTAS 1 mg/20 mg/ml odos tirpalas su purškiama pompa, 250 ml","9,67"
"Septabene 3 mg/1 mg, kietosios pastilės, N16",SEPTABENE,Vaistinis preparatas,"6,95","SEPTABENE 1,5 mg/5 mg/ml burnos gleivinės purškalas (tirpalas) 30 ml, N1",8.18,KRKA d.d.,SEPTABENE citrinų ir medaus skonio 3 mg/1mg kietosios pastilės N16,"6,72"
"Tonsilgon N, 50 ml, geriamieji lašai, tirpalas, N1",TONSILGON,Vaistinis preparatas,"8,28",TONSILGON N dengtos tabletės N50,8.28,Bionorica GmbH,TONSILGON N dengtos tabletės N50,"8,19"
"Lymphomyosot, 30 ml ir aplikatorius su lašintuvu, geriamieji lašai, tirpalas, N1",LYMPHOMYOSOT,Vaistinis preparatas,"7,83",LYMPHOMYOSOT geriamieji lašai 30 ml N1,7.83,Heel GmbH,LYMPHOMYOSOT geriamieji lašai (tirpalas) 30 ml,"7,79"
"CARSIL, 110 mg, Kietosios kapsulės, N30",CARSIL,Vaistinis preparatas,"7,99",CARSIL 110 mg kietosios kapsulės N30,8.03,Sopharma LTD,"CARSIL 110 mg kietosios kapsulės, 30 kaps.","7,89"
"TAVEGYL, Tabletės, N20",TAVEGYL,Vaistinis preparatas,"5,61",TAVEGYL 1 mg tabletės N20,5.61,Stada Arzneimittel,TAVEGYL 1 mg tabletės N20,"5,59"
"SMECTA 3 g, milteliai geriamajai suspensijai, N30",SMECTA,Vaistinis preparatas,"7,45",SMECTA 3 g milteliai geriamajai suspensijai N10,4.55,Beaufour Ipsen,SMECTA 3 g milteliai geriamajai suspensijai N30,"7,99"
"INOVOX MENTHOL, 2 mg / 0,6 mg / 1,2 mg, kietosios pastilės, N24",INOVOX,Vaistinis preparatas,"6,26","INOVOX Honey Lemon 2 mg/0,6 mg/1,2 mg kietosios pastilės N24",7.43,US Pharmacia Sp.z o.o.,INOVOX HONEY LEMON 2 mg/0.6 mg/1.2mg kietosios pastilės N24,"8,09"
"GALAZOLIN, 10 ml, nosies lašai, tirpalas, N1",GALAZOLIN,Vaistinis preparatas,"2,47",GALAZOLIN 1 mg/ml nosies lašai (tirpalas) 10 ml,2.47,Warszawskie Zaklady Farm. Polfa SA,GALAZOLIN 500mcg/ml nosies lašai (tirpalas) 10 ml,"2,39"
"NALGESIN S, 275mg, plėvele dengtos tabletės, N20",NALGESIN,Vaistinis preparatas,"4,80",NALGESIN S 275 mg plėvele dengtos tabletės N10,3.65,KRKA d.d.,NALGESIN S 275 mg plėvele dengtos tabletės N20,"4,23"
"GRIPEX THERMAL, 1000mg+100mg+12,2mg, milteliai geriamajam tirpalui, N8",GRIPEX,Vaistinis preparatas,"7,20",GRIPEX 325 mg/30 mg/10 mg plėvele dengtos tabletės N12,5.03,US Pharmacia Sp.z o.o.,GRIPEX THERMAL 1000 mg/100 mg/12.2 mg milteliai geriamajam tirpalui N12,"7,89"
"Canifug Cremolum, 200mg, Ovulės, N3",CANIFUG,Vaistinis preparatas,"9,72",CANIFUG Cremolum 200 mg ovulės N3,9.72,Dr. August Wolff,CANIFUG CREMOLUM 200 mg makšties žvakutės N3,"8,89"
"Jox, 85mg+1mg/ml, 30 ml, burnos gleivinės, gerklų ir ryklės purškalas, N1",JOX,Vaistinis preparatas,"7,38",JOX 85MG/1MG/ML BURNOS PURŠKALAS 30ML,7.38,Teva Pharmaceutical Industries,JOX 85/1 mg/ml burnos gleivinės purškalas 30 ml,"6,49"
"CONTRACTUBEX, 20 g, Gelis, N1",CONTRACTUBEX,Vaistinis preparatas,"14,30",CONTRACTUBEX gelis 20 g,14.3,Merz Pharmaceuticals,CONTRACTUBEX 100 mg/50 TV/10 mg/g gelis 20 g,"14,19"
"Apap (vaikams), 250mg, Granulės, N10",APAP,Vaistinis preparatas,"4,99",APAP 500 mg plėvele dengtos tabletės N12,2.0,US Pharmacia Sp.z o.o.,APAP 500 mg plėvele dengtos tabletės N24,"3,46"
"IBUGARD 200mg/5ml, geriamoji suspensija, N1",IBUGARD,Vaistinis preparatas,"6,88",IBUGARD 100 mg /5 ml geriamoji suspensija 120 ml,4.02,Pharm.Works Polpharma S.A.,IBUGARD 125 mg žvakutės N10,"3,89"
"milgamma N, 40mg+90mg+250µg, Minkštosios kapsulės, N20",MILGAMMA,Vaistinis preparatas,"5,31",MILGAMMA N 40 mg/90 mg/250 µg minkštosios kapsulės N20,5.31,Worwag Pharma GmbH,MILGAMMA N 40 mg/90 mg/250 mcg kapsulės N20,"4,89"
"Brontex, 15mg/5ml, 100 ml ir matavimo taurelė, Sirupas, N1",BRONTEX,Vaistinis preparatas,"3,93",BRONTEX 15 mg/5 ml sirupas 100 ml N1,3.87,Ratiopharm GmbH & Co,BRONTEX 60 mg šnypščiosios tabletės N10,"3,98"
"Daleron COLD3, plėvele dengtos tabletės, N12",DALERON,Vaistinis preparatas,"4,79",DALERON Cold 3 325 mg/30 mg/15 mg plėvele dengtos tabletės N12,4.8,KRKA d.d.,DALERON COLD3 plėvele dengtos tabletės N12,"4,29"
"COLDREX HOTREM LEMON, milteliai geriamajam tirpalui, N10",COLDREX,Vaistinis preparatas,"6,78",COLDREX HotRem LEMON 750 mg/10 mg/60 mg milteliai geriamajam tirpalui N10,7.38,Richard Bittner AG,COLDREX MAXGRIP Menthol+Berries 1000 mg/10 mg/70 mg milteliai geriamajam tirpalui N10,"7,71"
"IBUPROM, 200mg, dengtos tabletės, N20",IBUPROM,Vaistinis preparatas,"4,17",IBUPROM 200 mg dengtos tabletės N10,2.3,US Pharmacia Sp.z o.o.,IBUPROM EXPRESS 400 mg minkštosios kapsulės N20,"5,69"
"UPSARIN C 330 mg/200 mg, Šnypščiosios tabletės, N20",UPSARIN,Vaistinis preparatas,"6,82",UPSARIN C 330 mg/200 mg šnypščiosios tabletės N20,6.73,Bristol-Myers Squibb/UPSA,UPSARIN C 330 mg/200 mg šnypščiosios tabletės N20,"6,62"
"KREON 10000V 150mg, 8000V+10000V+600V, skrandyje neirios kietos kapsulės, N20",KREON,Vaistinis preparatas,"5,18",KREON 10'000 V 8000 V/10000 V/600 V skrandyje neirios kietosios kapsulės N20 liz.pl,4.96,Mylan Healthcare,KREON 10000V skrandyje neirios kietosios kapsulės N20,"4,87"
"OLFEN, 140 mg, vaistinis pleistras, N10",OLFEN,Vaistinis preparatas,"21,68",OLFEN 10 mg/g gelis 100 g N1,9.0,Mepha Ltd,OLFEN 10 mg/g gelis 100 g,"7,89"
"POTASSIUM IODIDE G.L. PHARMA, 65 mg, Tabletės, N20",POTASSIUM,Vaistinis preparatas,"12,59",POTASSIUM Iodide 65 mg tabletės N10,5.54,G.L.Pharma GmbH,POTASSIUM IODIDE G.L PHARMA 65 mg N20,"12,58"
"EXODERIL kremas, 30 g, Kremas, N1",EXODERIL,Vaistinis preparatas,"11,23",EXODERIL 10 mg/g kremas 15 g N1,7.62,Sandoz d.d.,EXODERIL 10 mg/ml odos tirpalas 20 ml,"11,79"
"ACIC, 2 g, Kremas, N1",ACIC,Vaistinis preparatas,"5,09",ACIC 50 mg/g kremas 2 g N1,5.28,Sandoz d.d.,ACIC 200 mg tabletės N25,"13,06"
"OPEXA, 20mg, Tabletės, N10",OPEXA,Vaistinis preparatas,"5,09",OPEXA 20 mg tabletės N10,3.66,Berlin Chemie,OPEXA 20 mg tabletės N10,"4,19"
"PIRANTELIS Polpharma 250 mg/5 ml geriamoji suspensija, 15ml, geriamoji suspensija, N1",PIRANTELIS,Vaistinis preparatas,"4,66",PIRANTELIS Medana 250 mg/5 ml geriamoji suspensija 15 ml,4.16,Pharm.Works Polpharma S.A.,PIRANTELIS POLPHARMA (MEDANA) 250 mg/5 ml geriamoji suspensija 15 ml,"3,99"
"ACC, 200mg, Šnypščiosios tabletės, N20",ACC,Vaistinis preparatas,"5,23",ACC 100 mg/3 g milteliai geriamajam tirpalui paketėlyje N20,4.71,Sandoz d.d.,ACC 20 mg/ml geriamasis tirpalas 100 ml N1,"3,81"
"Aceterin express, 10mg, plėvele dengtos tabletės, N10",ACETERIN,Vaistinis preparatas,"4,05",ACETERIN Express 10 mg plėvele dengtos tabletės N10,4.05,Sandoz d.d.,ACETERIN EXPRESS 10 mg plėvele dengtos tabletės N10,"3,97"
"Prospan, 100 ml ir dozavimo taurelė, Sirupas, N1",PROSPAN,Vaistinis preparatas,"7,08",PROSPAN 65 mg šnypščiosios tabletės N10,6.73,Engelhard K. Arzneimittel GmbH,PROSPAN 35mg/5ml geriamasis tirpalas 5ml N21,"8,98"
"NUROFEN FORTE EXPRESS, 400mg, dengtos tabletės, N12",NUROFEN,Vaistinis preparatas,"4,47",NUROFEN 200 mg dengtos tabletės N12,2.21,Reckitt Benckiser Healthcare,NUROFEN ORANGE 100 mg kramtomosios minkštosios kapsulės N12,"5,77"
"MOMETASONE TEVA, 50µg/dozėje, 60 dozių, nosies purškalas, suspensija, N1",MOMETASONE,Vaistinis preparatas,"7,11",MOMETASONE Teva 50 µg/dozėje nosies purškalas (suspensija) 60 dozių,6.86,Teva Pharmaceutical Industries,MOMETASONE TEVA 50 mcg/dozėje nosies purškalas 60 dozių,"6,59"
"TONSILOTREN, Tabletės, N40",TONSILOTREN,Vaistinis preparatas,"7,64",TONSILOTREN tab. N40,7.64,Alpen Pharma AG,TONSILOTREN tabletės N40,"7,59"
"RAMEVAL, 50 ml su lašintuvu, geriamieji lašai, tirpalas, N1",RAMEVAL,Vaistinis preparatas,"1,85","RAMEVAL 1 ml/ml geriamieji lašai, tirpalas 50 ml N1",1.67,"Valentis, UAB",RAMEVAL geriamieji lašai (tirpalas) 50 ml,"1,69"
"VELIOS, 1000mg, plėvele dengtos tabletės, N30",VELIOS,Vaistinis preparatas,"16,83",VELIOS 1000 mg plėvele dengtos tabletės N30,16.83,PharmaSwiss s.r.o.,VELIOS 1000 mg plėvele dengtos tabletės N30,"16,59"
"PAXELADINE, 2mg/ml, 100 ml, Sirupas, N1",PAXELADINE,Vaistinis preparatas,"5,69",PAXELADINE 10 mg/5 ml sirupas 100 ml,5.67,Beaufour Ipsen,PAXELADINE 2 mg/ml sirupas 100ml,"5,29"
"STODAL, 200 ml, Sirupas, N1",STODAL,Vaistinis preparatas,"6,29",STODAL sirupas 200 ml N1,7.37,Laboratoires Boiron,STODAL sirupas 200ml,"6,69"
"Bronchipret TI, 150mg+15mg/g, 100 ml ir dozavimo taurelė, Geriamasis tirpalas, N1",BRONCHIPRET,Vaistinis preparatas,"7,24",BRONCHIPRET 60 mg/160 mg plėvele dengtos tabletės N20,6.21,Bionorica GmbH,BRONCHIPRET TI geriamas tirpalas 100 ml,"6,89"
"LILANDOR 80 mg, minkštosios kapsulės, Minkštosios kapsulės, N28",LILANDOR,Vaistinis preparatas,"12,18",LILANDOR 80 mg minkštosios kapsulės N14,5.64,Dr.Willmar Schwabe,LILANDOR 80 mg minkštosios kapsulės N28,"9,78"
"PARACETAMOL ZENTIVA, 500mg, 20 tablečių, Tabletės, N20",PARACETAMOL,Vaistinis preparatas,"1,72",PARACETAMOL Actavis 500 mg tabletės N20,2.29,Teva Pharmaceutical Industries,PARACETAMOL ZENTIVA 500 mg tabletės N20,"1,69"
"RHINO-STAS, 1mg/ml, 10 ml, nosies purškalas (tirpalas), N1",RHINO-STAS,Vaistinis preparatas,"4,34",RHINO-STAS 1 mg/ml nosies purškalas (tirpalas) 10 ml N1,4.1,Stada Arzneimittel,RHINO-STAS 1 mg/ml nosies purškalas (tirpalas) 10 ml,"4,09"
"EFFERALGAN, 80 mg, Žvakutės, N10",EFFERALGAN,Vaistinis preparatas,"3,69",EFFERALGAN 150 mg žvakutės N10,4.09,Bristol-Myers Squibb/UPSA,EFFERALGAN 80 mg žvakutės N10,"3,49"
"VENORUTON, 1000 mg, Šnypščiosios tabletės, N15",VENORUTON,Vaistinis preparatas,"13,80",VENORUTON 1000 mg šnypščiosios tabletės N15,14.41,Stada Arzneimittel,VENORUTON 1000 mg šnypščiosios tabletės N15,"14,19"
"AFLUBIN, 50 ml, geriamieji lašai, tirpalas, N1",AFLUBIN,Vaistinis preparatas,"10,29",AFLUBIN geriamieji lašai 20 ml N1,5.75,Richard Bittner AG,AFLUBIN tabletės N48,"7,09"
"FURASOL, 100mg+900mg, 1 g, gargalas, milteliai tirpalui, N5",FURASOL,Vaistinis preparatas,"6,87","FURASOL 100 mg+900 mg gargalas,milteliai tirpalui N5",6.87,Olainfarm,FURASOL 100 mg/900 mg gargalas (milteliai tirpalui) N5,"6,79"
"AVODELE, 1,5 mg tabletės, Tabletės, N1",AVODELE,Vaistinis preparatas,"12,06","AVODELE 1,5 mg tabletės N1",12.89,Inteli Generics Nord,AVODELE 1.5 mg tabletės N1,"11,89"
"FERVEX, granulės geriamajam tirpalui, N8",FERVEX,Vaistinis preparatas,"7,35",FERVEX be cukraus suaugusiems granulės geriamajam tirpalui paketėlyje N8,8.55,Bristol-Myers Squibb/UPSA,FERVEX 280 mg/10 mg/100 mg granulės geriamajam tirpalui vaikams N8,"6,52"
"EUPHORBIUM COMPOSITUM S, 20 ml, nosies purškalas (tirpalas), N1",EUPHORBIUM,Vaistinis preparatas,"7,14",EUPHORBIUM Compositum S nosies lašai (tirpalas) 20 ml N1,7.14,Heel GmbH,EUPHORBIUM COMPOSITUM S nosies purškalas (tirpalas) 20 ml,"7,09"
"LOMEXIN, 2g/100ml, 30ml, odos purškalas, tirpalas, N1",LOMEXIN,Vaistinis preparatas,"10,72",LOMEXIN 200 mg makšties minkštos kapsulės N3,10.61,Recordati Ireland Ltd,LOMEXIN 600 mg makšties minkštosios kapsulės N1,"10,60"
"Nux vomica-Homaccord, 30 ml ir aplikatorius su lašintuvu, geriamieji lašai, tirpalas, N1",NUX,Vaistinis preparatas,"7,83","NUX VOMICA- Homaccord geriamieji lašai, tirpalas 30 ml N1",7.83,Heel GmbH,NUX VOMICA-HOMACCORD geriamieji lašai (tirpalas) 30 ml,"7,75"
"Fluditec, 20mg/ml, 125 ml ir taurelė, Sirupas, N1",FLUDITEC,Vaistinis preparatas,"4,43",FLUDITEC 20 mg/ml sirupas 125 ml,3.82,Innotech Internacional,FLUDITEC 20 mg/ml sirupas 125 ml,"3,81"
"LECROLYN, 40mg/ml, 5 ml, akių lašai, tirpalas, N1",LECROLYN,Vaistinis preparatas,"6,81","LECROLYN 40 mg/ml akių lašai, tirpalas 5 ml N1",5.94,Santen OY,LECROLYN SINE 40 mg/ml akių lašai (tirpalas) 10 ml,"9,69"
"Herbion, 7mg/ml, 150 ml, Sirupas, N1",HERBION,Vaistinis preparatas,"4,48",HERBION 35 mg kietosios pastilės  N16,4.74,KRKA d.d.,HERBION 35 mg kietosios pastilės N16,"4,69"
"NEUROMED, 50 ml, geriamieji lašai, tirpalas, N1",NEUROMED,Vaistinis preparatas,"2,95","NEUROMED geriamieji lašai, tirpalas 50 ml N1",2.81,"Valentis, UAB",NEUROMED geriamieji lašai (tirpalas) 50 ml,"2,76"
"STOPTUSSIN, 4mg/100mg, Tabletės, N20",STOPTUSSIN,Vaistinis preparatas,"3,69",STOPTUSSIN 4 mg/100 mg tabletės N20,3.9,Teva Pharmaceutical Industries,STOPTUSSIN 4 mg/100 mg tabletės N20,"3,59"
"GRIPPOSTAD C, 200 mg + 150 mg + 25 mg + 2,5 mg, Kietosios kapsulės, N24",GRIPPOSTAD,Vaistinis preparatas,"5,01",GRIPPOSTAD C kapsulės N24,5.01,Stada Arzneimittel,GRIPPOSTAD C kietosios kapsulės N24,"4,99"
"GALANAS 1 mg/50 mg/ml, nosies purškalas, tirpalas, N1",GALANAS,Vaistinis preparatas,"5,26",GALANAS 1 mg/50 mg/ml nosies purškalas (tirpalas) 10 ml,4.74,Warszawskie Zaklady Farm. Polfa SA,GALANAS 1 mg/50 mg/ml nosies purškalas 10 ml,"4,19"
"DENTOKIND, Tabletės, N150",DENTOKIND,Vaistinis preparatas,"10,01",DENTOKIND tabletės N150,10.01,Alpen Pharma AG,DENTOKIND tabletės N150,"9,89"
"NEOASKOFENAS 200 mg/200 mg/40 mg, Tabletės, N20",NEOASKOFENAS,Vaistinis preparatas,"3,72",NEOASKOFENAS tabletės N20,3.51,PharmaSwiss s.r.o.,NEOASKOFENAS 200 mg/200 mg/40 mg tabletės N20,"3,49"
"HOMEOVOX, dengtos tabletės, N60",HOMEOVOX,Vaistinis preparatas,"6,34",HOMEOVOX dengtos tabletės N60,5.72,Laboratoires Boiron,HOMEOVOX dengtos tabletės N60,"5,69"
"DELUFEN, 20 ml, nosies purškalas (tirpalas), N1",DELUFEN,Vaistinis preparatas,"7,19",DELUFEN nosies purškalas (tirpalas) 20 ml,7.19,Richard Bittner AG,DELUFEN nosies purškalas (tirpalas) 20 ml,"7,09"
"THROMBO ASS, 100mg, Skrandyje neirios tabletės, N100",THROMBO,Vaistinis preparatas,"5,28",THROMBO ASS 100 mg skrandyje neirios tabletės N100,5.28,G.L.Pharma GmbH,THROMBO ASS 100 mg skrandyje neirios tabletės N100,"4,59"
"Betadine, 100mg/ml, 30 ml, odos tirpalas, N1",BETADINE,Vaistinis preparatas,"4,82",BETADINE 100 mg/g tepalas 100 g,17.55,Egis Pharmaceuticals,BETADINE 100 mg/ ml odos tirpalas 125 ml,"7,99"
"Allergodil, 10 ml su purkštuku, 1ml/mg, nosies purškalas (tirpalas), N1",ALLERGODIL,Vaistinis preparatas,"7,72","ALLERGODIL 0,5 mg/ml akių lašai, tirpalas 6 ml",7.03,Meda Pharma GmbH,ALLERGODIL 0.5 mg/ml akių lašai (tirpalas) 6 ml,"6,98"
"DENTOSEPT, 100 g, burnos gleivinės tirpalas, N1",DENTOSEPT,Vaistinis preparatas,"2,99",DENTOSEPT burnos gleivinės tirpalas 100 g,2.66,Phytopharm,DENTOSEPT burnos gleivinės tirpalas 100 g,"2,59"
"GRIVIX, 30 g, Gelis, N1",GRIVIX,Vaistinis preparatas,"5,32",GRIVIX 1 g gelis 30 g,5.32,Medana Pharma SA,GRIVIX 1 mg/g gelis 30 g,"5,29"
"POSTINOR, 1500µg, burnoje disperguojama tabletė, N1",POSTINOR,Vaistinis preparatas,"16,18",POSTINOR 1500 µg burnoje disperguojamosios tabletės N1,16.19,Gedeon Richter Plc,POSTINOR 1500 mcg burnoje disperguojamos tabletės N1,"15,99"
"Hedelix s.a., 50 ml su lašintuvu, geriamieji lašai, tirpalas, N1",HEDELIX,Vaistinis preparatas,"5,08","HEDELIX 40 mg/ml geriamieji lašai, tirpalas 50 ml",5.08,Krewel Meuselbach,HEDELIX 8 mg/ml sirupas 100 ml,"5,29"
"NUROFLEX, 200 mg, vaistinis pleistras, N2",NUROFLEX,Vaistinis preparatas,"8,57",NUROFLEX 200 mg vaistinis pleistras N2,8.49,Reckitt Benckiser Healthcare,NUROFLEX 200 mg vaistinis pleistras N2,"7,81"
"EMOX, 55 g, Gelis, N1",EMOX,Vaistinis preparatas,"5,54",EMOX 100 mg/g gelis 55 g N1,5.54,PharmaSwiss s.r.o.,EMOX 100 mg/g gelis 55 g,"5,49"
"GASTROVAL, 25ml, geriamieji lašai, tirpalas, N1",GASTROVAL,Vaistinis preparatas,"2,63","GASTROVAL geriamieji lašai, tirpalas 25 ml N1",2.63,"Valentis, UAB",GASTROVAL geriamieji lašai (tirpalas) 25 ml,"2,59"
"DUPHALAC, 200 ml, Geriamasis tirpalas, N1",DUPHALAC,Vaistinis preparatas,"5,59",DUPHALAC 665 mg/ml geriamasis tirpalas 200 ml N1 LI,5.22,"Lex ano, UAB",DUPHALAC FRUIT 667 mg/ml geriamasis tirpalas 15 ml N20,"8,99"
"WINTROZEN, 600mg, Šnypščiosios tabletės, N10",WINTROZEN,Vaistinis preparatas,"5,84",WINTROZEN 600 mg šnypščiosios tabletės N10,5.67,"Zentiva, k.s.",WINTROZEN 600 mg šnypščiosios tabletės N10,"5,79"
"SENEBACTUM, 100 mg/ml, 1000 ml, odos tirpalas, N1",SENEBACTUM,Vaistinis preparatas,"18,74",SENEBACTUM 100 mg/ml odos tirpalas 100 ml,5.72,"Valentis, UAB",SENEBACTUM 100 mg/ml odos tirpalas su lašintuvu 30 ml,"3,41"
"LABELLA, 1,5 mg, Tabletės, N1",LABELLA,Vaistinis preparatas,"13,19","LABELLA 1,5 mg tabletė N1",13.2,Exeltis Baltics UAB,LABELLA 1.5 mg tabletės N1,"14,67"
"OFTAGEL, 2,5mg/g, 10 g, akių gelis, N1",OFTAGEL,Vaistinis preparatas,"5,80","OFTAGEL 2,5 mg/g akių gelis 10 g",5.28,Santen OY,OFTAGEL 2.5 mg/g akių gelis 10 g,"5,19"
"ZEEL T, 50 g, Tepalas, N1",ZEEL,Vaistinis preparatas,"9,21",ZEEL T tabletės N50,6.56,Heel GmbH,ZEEL T tepalas 50 g,"9,09"
"HIDRASEC, 100 mg, Kietosios kapsulės, N10",HIDRASEC,Vaistinis preparatas,"9,09",HIDRASEC 100 mg kietosios kapsulės N10,8.45,Bioprojet Europe Ltd.,HIDRASEC 100 mg kietosios kapsulės N10,"8,44"
"FREST, 1mg/g, Gelis, N1",FREST,Vaistinis preparatas,"5,08",FREST 1 mg/g gelis 30 g,5.08,Grindeks AS,"FREST 1 mg/g gelis, 30 g","4,99"
"VALERADIX, Tabletės, N60",VALERADIX,Vaistinis preparatas,"5,27",VALERADIX tab. N90 (but.),6.98,"Labofarm, IWLF",VALERADIX tabletės N60,"5,09"
"NO-SPA, 40 mg, plėvele dengtos tabletės, N24",NO-SPA,Vaistinis preparatas,"7,89",NO-SPA 40 mg plėvele dengtos tabletės N24,4.76,Opella Healthcare France SAS,NO-SPA 40 mg tabletės N24,"3,99"
"OSCILLOCOCCINUM, piliulės, vienadozė talpyklė, N30",OSCILLOCOCCINUM,Vaistinis preparatas,"5,72","OSCILLOCOCCINUM 0,01 ml/g piliulės viendozėje talpyklėje N30",24.14,Laboratoires Boiron,OSCILLOCOCCINUM piliulės vienadozėje talpyklėje N30,"22,19"
"VIPROSAL B, 50 g, Tepalas, N1",VIPROSAL,Vaistinis preparatas,"5,59",VIPROSAL B tepalas 50 g N1,8.03,Grindeks AS,VIPROSAL B tepalas 75 g,"7,81"
"Theraflu 500 mg/6,1 mg/100 mg kietosios kapsulės, Kietosios kapsulės, N16",THERAFLU,Vaistinis preparatas,"17,56","THERAFLU 500 mg/6,1 mg/100 mg kapsulės N16",5.17,GlaxoSmithKline Consumer Healthcare,THERAFLU SN 500 mg/30 mg milteliai geriamajam tirpalui N10,"6,99"
"VOLTAREN EMULGEL, 23,2 mg/g, 150 g, Gelis, N1",VOLTAREN,Vaistinis preparatas,"21,67","VOLTAREN Akti 12,5 mg plėvele dengtos tabletės N10",3.12,Novartis,VOLTAREN AKTIGO 140 mg vaistinis pleistras N5,"9,99"
"TANTUM VERDE forte 3 mg/ml (tirpalas), burnos gleivinės purškalas (tirpalas), N1",TANTUM,Vaistinis preparatas,"5,35",TANTUM ROSA 500 mg granulės makšties tirpalui N6,14.44,CSC Pharmaceuticals Handels,TANTUM VERDE 1.5mg/ml burnos tirpalas 240 ml,"7,99"
"Dolmen, 25mg, granulės geriamajam tirpalui, N10",DOLMEN,Vaistinis preparatas,"4,83",DOLMEN 25 mg geriamasis tirpalas paketėlyje 10 ml N10,3.93,Berlin Chemie,DOLMEN 25 mg geriamasis tirpalas paketėlyje N10,"3,89"
"Nolpaza, 20 mg, Skrandyje neirios tabletės, N14",NOLPAZA,Vaistinis preparatas,"3,90",NOLPAZA 20 mg skrandyje neirios tabletės N14,4.19,KRKA d.d.,NOLPAZA 20 mg tabletės N14,"3,85"
"Orlistat Polpharma, Kietosios kapsulės, N42",ORLISTAT,Vaistinis preparatas,"25,00",ORLISTAT Polpharma 60 mg kapsulės N42,25.01,Pharm.Works Polpharma S.A.,ORLISTAT POLPHARMA 60 mg kietosios kapsulės N42,"20,39"
"NEUREXAN, 0,6mg+0,6mg+0,6mg+0,6mg, Tabletės, N50",NEUREXAN,Vaistinis preparatas,"6,85",NEUREXAN tabletės N50,7.49,Heel GmbH,NEUREXAN tabletės N50,"6,79"
"TROXEVASIN, 100 g, Gelis, N1",TROXEVASIN,Vaistinis preparatas,"11,75",TROXEVASIN 20 mg/g  gelis 100 g,11.16,Actavis,TROXEVASIN 300 mg kietosios kapsulės N100,"20,89"
"INFLUCID, Tabletės, N40",INFLUCID,Vaistinis preparatas,"7,64",INFLUCID tabletės N40,7.64,Alpen Pharma AG,INFLUCID tabletės N40,"7,59"
"Cinnabsin N, Tabletės, N40",CINNABSIN,Vaistinis preparatas,"7,64",CINNABSIN N tab. N40,7.64,Alpen Pharma AG,CINNABSIN N tabletės N40,"7,59"
"IMODIUM 2 mg, Kietosios kapsulės, N6",IMODIUM,Vaistinis preparatas,"4,69",IMODIUM 2 mg kapsulės N6,4.69,McNeil Products Ltd,IMODIUM INSTANT 2 mg burnoje disperguojamos tabletės N6,"5,04"
"ESSENTIALE FORTE N 300 mg, Kietosios kapsulės, N100",ESSENTIALE,Vaistinis preparatas,"17,92",ESSENTIALE Forte N 300 mg kapsulės N30,8.3,Opella Healthcare France SAS,ESSENTIALE FORTE N 300 mg kietosios kapsulės N100,"15,59"
"SEDATIF PC, Tabletės, N90",SEDATIF,Vaistinis preparatas,"6,86",SEDATIF PC tab. N40,5.98,Laboratoires Boiron,SEDATIF PC tabletės N90,"8,41"
"HELMINTOX, 5 % suspensija, 15 ml, geriamoji suspensija, N1",HELMINTOX,Vaistinis preparatas,"4,58",HELMINTOX 125 mg plėvele dengtos tabletės N6,3.96,Innotech Internacional,HELMINTOX 125 mg plėvele dengtos tabletės N6,"3,95"
"TRAUMEEL S, 50 g, Tepalas, N1",TRAUMEEL,Vaistinis preparatas,"9,21",TRAUMEEL S tabletės N50,6.56,Heel GmbH,TRAUMEEL S tepalas 50 g,"9,09"
"RECREOL 50 mg/g, Kremas, N1",RECREOL,Vaistinis preparatas,"5,94",RECREOL 50 mg/g kremas 50 g N1,5.94,Grindeks AS,RECREOL 50 mg/g kremas 50 g,"5,89"
"ELFIMEST, 20 mg, Skrandyje neirios tabletės, N14",ELFIMEST,Vaistinis preparatas,"5,14",ELFIMEST 20 mg skrandyje neirios tabletės N14,4.92,Teva Pharmaceutical Industries,ELFIMEST 20 mg skrandyje neirios tabletės N7,"2,99"
"GUTTALAX, 30 ml, geriamieji lašai, tirpalas, N1",GUTTALAX,Vaistinis preparatas,"7,71","GUTTALAX 7,5 mg/ml geriamieji lašai, tirpalas 15 ml",4.71,Sanofi-Aventis,GUTTALAX 7.5 mg/ml geriamieji lašai (tirpalas) 15 ml,"4,25"
"FERCELAN, 202,8 mg/0,8 mg/100mg, Kietosios kapsulės, N30",FERCELAN,Vaistinis preparatas,"6,13","FERCELAN 202,8 mg/0,8 mg/100 mg kietosios kapsulės N100",13.85,G.L.Pharma GmbH,FERCELAN 202.8 mg/0.8 mg/100 mg kietosios kapsulės N30,"6,09"
"ENTEROL, 250 mg, milteliai geriamajai suspensijai, N20",ENTEROL,Vaistinis preparatas,"10,24",ENTEROL 250 mg kapsulės N10,6.47,Biocodex,ENTEROL 250 mg kietosios kapsulės N30,"12,76"
"NASOMETIN, 50µg/dozėje, nosies purškalas, suspensija, N1",NASOMETIN,Vaistinis preparatas,"7,37",NASOMETIN 50 µg/dozėje nosies purškalas (suspensija) 60 dozių,7.37,Sandoz d.d.,NASOMETIN 50 mcg/dozėje purškalas (suspensija) 60 dozių,"7,29"
"RESPIFORTIN, 600 mg, Šnypščiosios tabletės, N10",RESPIFORTIN,Vaistinis preparatas,"5,45",RESPIFORTIN 600 mg šnypščiosios tabletės N10,5.54,Natur Produkt Zdrovit Sp.z o.o,RESPIFORTIN 600 mg šnypščiosios tabletės N10,"5,14"
"SARIDON, Tabletės, N10",SARIDON,Vaistinis preparatas,"2,15",SARIDON 250 mg/150 mg/50 mg tabletės N10,2.3,Bayer AG,SARIDON tabletės N10,"2,09"
"MIRAMILE, 0,1ml/0,35ml/0,05ml/0,3ml/ml, burnos gleivinės purškalas (tirpalas), N1",MIRAMILE,Vaistinis preparatas,"4,09",MIRAMILE burnos gleivinės purškalas (tirpalas) 30 ml,4.69,"Valentis, UAB",MIRAMILE burnos gleivinės purškalas 30 ml,"3,99"
"MAGNE B6, 470 mg/5 mg, dengtos tabletės, N60",MAGNE,Vaistinis preparatas,"9,78",MAGNE B6 186 mg/936 mg/10 mg/10 ml geriamasis tirpalas 10 ml N10,7.37,Opella Healthcare France SAS,MAGNE B6 470 mg/5 mg dengtos tabletės N60,"8,41"
"NIZORAL, 20 mg/g, 100 ml, Šampūnas, N1",NIZORAL,Vaistinis preparatas,"15,95",NIZORAL 20 mg/g šampūnas 100 ml,15.15,Stada Arzneimittel,NIZORAL 20 mg/ml šampūnas 100 ml,"14,99"
"OLYDEX, 1mg/50mg/ml, 10 ml, nosies purškalas, tirpalas, N1",OLYDEX,Vaistinis preparatas,"6,10",OLYDEX 1 mg/50 mg/ml nosies purškalas (tirpalas) 10 ml,5.01,McNeil Products Ltd,OLYDEX 1 mg/50 mg/ml nosies purškalas (tirpalas) 10 ml,"4,99"
"ESCADRA, 20 mg, skrandyje neirios kietos kapsulės, N7",ESCADRA,Vaistinis preparatas,"3,37",ESCADRA 20 mg skrandyje neirios kietosios kapsulės N7,3.86,KRKA d.d.,ESCADRA 20 mg skrandyje neirios kapsulės N7,"2,99"
"ZYRTEC, 10mg, plėvele dengtos tabletės, N10",ZYRTEC,Vaistinis preparatas,"4,41",ZYRTEC 1 mg/ml geriamasis tirpalas 75 ml,3.84,UCB Pharma SA,ZYRTEC 10 mg plėvele dengtos tabletės N10,"4,17"
"NICORETTE COOLMINT, 1mg/išpurškime, burnos gleivinės purškalas, N1",NICORETTE,Vaistinis preparatas,"23,31",NICORETTE Coolmint 1 mg/išpurškime burnos gleivinės purškalas (tirpalas) 150 dozių,21.94,McNeil Products Ltd,NICORETTE COOLMINT 1 mg/išpurškime burnos gleivinės purškalas 150 išpurškimų,"21,69"
"MAALOX, 460mg+400mg/4,3ml, 4,3 ml, geriamoji suspensija, N20",MAALOX,Vaistinis preparatas,"8,18",MAALOX (be cukraus) 400 mg/400 mg kramtomosios tabletės N40,4.62,Sanofi-Aventis,MAALOX 460 mg/400 mg/4.3 ml geriamoji suspensija N20,"7,29"
"Espumisan, 40mg, Minkštosios kapsulės, N50",ESPUMISAN,Vaistinis preparatas,"4,85",ESPUMISAN 40 mg kapsulės N25,2.45,Berlin Chemie,ESPUMISAN 40 mg minkštosios kapsulės N25,"2,47"
"TABEX, 1,5mg, plėvele dengtos tabletės, N100",TABEX,Vaistinis preparatas,"23,96","TABEX 1,5 mg plėvele dengtos tabletės N100",23.09,Sopharma LTD,TABEX 1.5 mg plėvele dengtos tabletės N100,"22,89"
"PERSEN, dengtos tabletės, N40",PERSEN,Vaistinis preparatas,"6,25",PERSEN dengtos tabletės N40,6.73,"Zentiva, k.s.",PERSEN FORTE kietosios kapsulės N20,"5,89"
"LINEX, Kietosios kapsulės, N16",LINEX,Vaistinis preparatas,"7,78",LINEX kietosios kapsulės N16,7.78,Sandoz d.d.,LINEX kietosios kapsulės N16,"6,39"
"IPRAALOX, 20mg, Skrandyje neirios tabletės, N14",IPRAALOX,Vaistinis preparatas,"4,03",IPRAALOX 20 mg skrandyje neirios kietosios kapsulės N14,3.84,Sanofi-Aventis,IPRAALOX 20 mg skrandyje neirios tabletės N14,"3,69"
"DICLAC, 150 g, Gelis, N1",DICLAC,Vaistinis preparatas,"14,43",DICLAC 10 mg/g gelis 50 g,5.3,Sandoz d.d.,"DICLAC 50 mg/g gelis, 150 g","13,26"
"DOLOBENE, 50 g, Gelis, N1",DOLOBENE,Vaistinis preparatas,"10,36",DOLOBENE 500 TV/150 mg/25 mg/g gelis 50 g N1,10.36,Mepha Ltd,DOLOBENE gelis 50 g,"10,29"
"LAMISIL 1 %, 15 g, Kremas, N1",LAMISIL,Vaistinis preparatas,"9,86",LAMISIL 10 mg/g kremas 15 g N1,9.44,Novartis,LAMISIL 10 mg/g kremas 15 g,"9,29"
"NEO-ANGIN, 1,2mg+0,6mg+5,9mg, kietosios pastilės, N24",NEO-ANGIN,Vaistinis preparatas,"6,35",NEO-ANGIN  be cukraus kietosios pastilės N24,5.17,Divapharma GmbH,NEO-ANGIN kietosios pastilės N24,"5,69"
"Mastodynon, Tabletės, N60",MASTODYNON,Vaistinis preparatas,"11,07",MASTODYNON tabletės N60,10.77,Bionorica GmbH,MASTODYNON tabletės N60,"10,69"
"LOPEDIUM EXPRESS, Kietosios kapsulės, N10",LOPEDIUM,Vaistinis preparatas,"3,65",LOPEDIUM Express 2 mg kapsulės N10,3.65,Sandoz d.d.,LOPEDIUM EXPRESS 2 mg kietosios kapsulės N10,"3,55"
"GINGIUM, plėvele dengtos tabletės, N60",GINGIUM,Vaistinis preparatas,"17,69",GINGIUM 120 mg plėvele dengtos tabletės N30,10.36,Sandoz d.d.,GINGIUM 120 mg plėvele dengtos tabletės N60,"17,89"
"HJERTEMAGNYL, 150 mg, plėvele dengtos tabletės, N90",HJERTEMAGNYL,Vaistinis preparatas,"6,46",HJERTEMAGNYL 150 mg plėvele dengtos tabletės N30,3.76,Takeda Pharma AS,HJERTEMAGNYL 75 mg plėvele dengtos tabletės N100,"4,69"
"Panadol, 120mg/5ml, 100 ml, geriamoji suspensija, N1",PANADOL,Vaistinis preparatas,"5,45","PANADOL 120 mg/5 ml geriamoji suspensija 100 ml, N1",5.45,GlaxoSmithKline Consumer Healthcare,PANADOL 24 mg/ml geriamoji suspensija 100 ml,"5,39"
"FENISTIL, 30 g, Gelis, N1",FENISTIL,Vaistinis preparatas,"5,86",FENISTIL 1 mg/g gelis 30 g N1,5.53,Novartis,FENISTIL 1 mg/g gelis 30g,"5,49"
"KAPSIKAM, 50 g, Tepalas, N1",KAPSIKAM,Vaistinis preparatas,"7,26",KAPSIKAM tepalas 50 g N1,8.36,Grindeks AS,KAPSIKAM tepalas 50 g,"7,69"
"LIVOSIL, 140 mg, Kietosios kapsulės, N30",LIVOSIL,Vaistinis preparatas,"8,16",LIVOSIL 140 mg kapsulės N30,8.16,"Aconitum, UAB",LIVOSIL 140 mg kietosios kapsulės N60,"11,59"
"GINKOBIL, 120 mg, Kietosios kapsulės, N40",GINKOBIL,Vaistinis preparatas,"11,77",GINKOBIL 120 mg kapsulės N40,14.08,"Aconitum, UAB",GINKOBIL 120 mg kietosios kapsulės N40,"11,76"
"GINKOMED, 100 ml, Geriamasis tirpalas, N1",GINKOMED,Vaistinis preparatas,"3,08",GINKOMED tinktūra(1:5) 1ml/ml geriamasis tirpalas 100 ml N1,3.09,"Valentis, UAB",GINKOMED geriamasis tirpalas 100 ml,"2,99"
"Liugolis, 12,5mg/ml, 50 ml su mechaniniu purkštuku, burnos gleivinės purškalas (tirpalas), N1",LIUGOLIS,Vaistinis preparatas,"2,62","LIUGOLIS 12,5 mg/ml burnos gleivinės purškalas (tirpalas) 50 ml N1",3.27,"Valentis, UAB",LIUGOLIS 12.5 mg/ml burnos gleivinės purškalas (tirpalas) 50 ml,"3,19"
"Olynth, 1mg/ml, 10 ml, nosies lašai, tirpalas, N1",OLYNTH,Vaistinis preparatas,"4,03",OLYNTH 1 mg/ml nosies lašai (tirpalas) 10 ml,3.28,McNeil Products Ltd,OLYNTH HA 1 mg/ml nosies purškalas (tirpalas) 10 ml,"5,09"
"Tropex, 50mg/ml, ausų lašai, tirpalas, N1",TROPEX,Vaistinis preparatas,"7,59","TROPEX 50 mg/ml  ausų lašai, tirpalas 10 ml",7.9,Rowa Pharmaceuticals,TROPEX EAR ausų lašai 10 ml,"7,69"
"ROWATINEX, 31mg+15mg+3mg+4mg+10mg+4mg, skrandyje neirios minkštos kapsulės, N100",ROWATINEX,Vaistinis preparatas,"15,51",ROWATINEX kapsulės N100,15.51,Rowa Pharmaceuticals,ROWATINEX skrandyje neirios minkštosios kapsulės N100,"15,39"
"ROWACHOL, 17mg+5mg+2mg+6mg+32mg+5mg, skrandyje neirios minkštos kapsulės, N100",ROWACHOL,Vaistinis preparatas,"15,51",ROWACHOL kapsulės N50,8.34,Rowa Pharmaceuticals,ROWACHOL skrandyje neirios minkštosios kapsulės N100,"15,39"
"Microlax 625mg+90mg+9mg/ml, 5 ml, tiesiosios žarnos tirpalas, N12",MICROLAX,Vaistinis preparatas,"15,79",MICROLAX 625 mg/90 mg/9 mg/ml tiesiosios žarnos tirpalas 5 ml N12,14.99,McNeil Products Ltd,MICROLAX 5 ml tiesiosios žarnos tirpalas N4,"5,39"
"Gastricumeel, 30mg+30mg+60mg+60mg+60mg+60mg, Tabletės, N50",GASTRICUMEEL,Vaistinis preparatas,"6,56",GASTRICUMEEL tabletės N50,6.56,Heel GmbH,GASTRICUMEEL tabletės N50,"6,49"
"Hepeel, Tabletės, N50",HEPEEL,Vaistinis preparatas,"6,56",HEPEEL tabletės N50,6.56,Heel GmbH,HEPEEL tabletės N50,"6,49"
"CORYZALIA, dengtos tabletės, N40",CORYZALIA,Vaistinis preparatas,"5,49",CORYZALIA dengtos tabletės N40,5.41,Laboratoires Boiron,CORYZALIA dengtos tabletės N40,"5,39"
"FARINGODOL, 150 mg, kietosios pastilės, N16",FARINGODOL,Vaistinis preparatas,"6,22",FARINGODOL forte 150 mg pastilės N16,6.53,Omega Pharma,"FARINGODOL 150 mg, 16 kietų pastilių","5,99"
"Spascupreel, Tabletės, N50",SPASCUPREEL,Vaistinis preparatas,"6,56",SPASCUPREEL tabletės N50,6.56,Heel GmbH,SPASCUPREEL tabletės N50,"6,49"
"CLARITINE, 10 mg, Tabletės, N10",CLARITINE,Vaistinis preparatas,"4,46",CLARITINE 10 mg tabletės N10,4.48,Bayer AG,CLARITINE 10 mg tabletės N10,"4,39"
"ALKA-SELTZER, 324 mg, Šnypščiosios tabletės, N10",ALKA-SELTZER,Vaistinis preparatas,"4,42",ALKA-SELTZER 324 mg šnypščiosios tabletės N10,4.05,Bayer AG,ALKA-SELTZER 324 mg šnypščiosios tabletės N10,"3,99"
"Meteospasmyl, 60mg+300mg, Minkštosios kapsulės, N20",METEOSPASMYL,Vaistinis preparatas,"5,97",METEOSPASMYL 60 mg/300 mg kapsulės N20 (Laboratories Mayoly Spindler),4.85,Laboratories Mayoly Spindler,METEOSPASMYL 60 mg/300 mg minkštosios kapsulės N20,"4,79"
"Benfogamma, 50mg, dengtos tabletės, N50",BENFOGAMMA,Vaistinis preparatas,"8,52",BENFOGAMMA 50 mg dengtos tabletės N50,7.71,Worwag Pharma GmbH,BENFOGAMMA 50 mg dengtos tabletės N50,"7,59"
"OTIPAX, 15 ml, ausų lašai, tirpalas, N1",OTIPAX,Vaistinis preparatas,"5,50",OTIPAX 40 mg/10 mg/g ausų lašai 15 ml,4.71,Biocodex,OTIPAX 40 mg/10 mg/g ausų lašai 15 ml,"4,69"
"METADOXIL, 500mg, Tabletės, N10",METADOXIL,Vaistinis preparatas,"10,33",METADOXIL 500 mg tabletės N10,10.33,Baldacci,METADOXIL 500 mg tabletės N10,"10,19"
"ACICLOVIR ACTAVIS, 50 mg/g, Kremas, N1",ACICLOVIR,Vaistinis preparatas,"4,55","ACICLOVIR Actavis 50 mg/g kremas 5 g, N1",5.22,Actavis,ACICLOVIR ACTAVIS 50 mg/g kremas 5 g,"5,19"
"SEDALIA, 200 ml, Sirupas, N1",SEDALIA,Vaistinis preparatas,"6,69",SEDALIA sirupas 200 ml N1,7.13,Laboratoires Boiron,SEDALIA sirupas 200 ml,"6,55"
"Neurorubine Forte Lactab, plėvele dengtos tabletės, N20",NEURORUBINE,Vaistinis preparatas,"7,11",NEURORUBINE Forte lactab 200 mg/50 mg/1 mg plėvele dengtos tabletės N20,7.11,Mepha Ltd,NEURORUBINE FORTE LACTAB plėvele dengtos tabletės N20,"5,19"
"Neuromultivit, plėvele dengtos tabletės, N100",NEUROMULTIVIT,Vaistinis preparatas,"16,44",NEUROMULTIVIT plėvele dengtos tabletės N100,16.44,G.L.Pharma GmbH,NEUROMULTIVIT plėvele dengtos tabletės N100,"16,29"
"CARBOSAN, 5 g, Gelis, N1",CARBOSAN,Vaistinis preparatas,"4,38",CARBOSAN 20 mg/g gelis 5 g,4.38,Rowa Pharmaceuticals,CARBOSAN 20 mg/g gelis 5 g,"4,29"
"MYRTOL, 120mg, skrandyje neirios minkštos kapsulės, N20",GELOMYRTOL,Vaistinis preparatas,"4,99",GELOMYRTOL Forte 300 mg skrandyje neirios minkštos kapsulės N100,23.06,G.Pohl-Boskamp GmbH,GELOMYRTOL FORTE 300 mg skrandyje neirios minkštosios kapsulės N20,"6,69"
"Deep Relief, 50 g, 50 mg/30 mg/g gelis, Gelis, N1",DEEP,Vaistinis preparatas,"6,26",DEEP HEAT (šildantis) kremas 67 g N1,5.92,The Mentholatum Company Ltd,DEEP HEAT kremas 67 g,"5,78"
"Antiflat, 42mg, kramtomosios tabletės, N50",ANTIFLAT,Vaistinis preparatas,"4,95",ANTIFLAT 42 mg kramtomosios tabletės N50,4.95,G.L.Pharma GmbH,ANTIFLAT 42 mg kramtomosios tabletės N50,"4,19"
"Ferretab comp. 152,1mg/0,5mg, pailginto atpalaidavimo kietosios kapsulės, N30",FERRETAB,Vaistinis preparatas,"4,58","FERRETAB comp. 152,1 mg/0,5 mg pailginto atpalaidavimo kapsulės N100",12.31,G.L.Pharma GmbH,FERRETAB COMP pailginto atpalaidavimo kietosios kapsulės N30,"4,57"
"Vibrocil, 15 ml, nosies lašai, tirpalas, N1",VIBROCIL,Vaistinis preparatas,"4,88","VIBROCIL 2,5 mg/0,25 mg/ml nosies lašai (tirpalas) 15 ml",4.88,GlaxoSmithKline Consumer Healthcare,VIBROCIL 2.5 mg/0.25 mg/ml nosies purškalas (tirpalas) 15 ml,"5,19"
"MINOXIDIL INTELI, 20 mg/ml, odos tirpalas, N1",MINOXIDIL,Vaistinis preparatas,"22,56",MINOXIDIL INTELI 20 mg/ml odos tirpalas 60 ml,25.39,Inteli Generics Nord,MINOXIDIL INTELI 50 mg/ml odos tirpalas 60 ml,"25,95"
"Corneregel, 50mg/g, 10 g, akių gelis, N1",CORNEREGEL,Vaistinis preparatas,"5,94",CORNEREGEL 50 mg/g akių gelis 10 g N1,5.94,Dr. Gerhard Mann,CORNEREGEL 50 mg/g akių gelis 10 g,"5,85"
"Klimadynon, 2,8mg, plėvele dengtos tabletės, N90",KLIMADYNON,Vaistinis preparatas,"13,81","KLIMADYNON 2,8 mg plėvele dengtos tabletės N90",13.43,Bionorica GmbH,KLIMADYNON 2.8 mg plėvele dengtos tabletės N90,"13,29"
"ILOXEN 200mg+30mg, plėvele dengtos tabletės, N12",ILOXEN,Vaistinis preparatas,"5,95",ILOXEN 200 mg/30 mg plėvele dengtos tabletės N12,6.99,PharmaSwiss s.r.o.,ILOXEN 200mg/30mg plėvele dengtos tabletės N12,"5,49"
"ARTELAC, 10 ml, akių lašai, tirpalas, N1",ARTELAC,Vaistinis preparatas,"5,24","ARTELAC 3,2 mg/ml akių lašai, tirpalas 10 ml N1",5.01,Dr. Gerhard Mann,ARTELAC 3.2 mg/ml akių lašai 10 ml,"4,89"
"Septanazal 1 mg/50 mg/ml, suaugusiesiems, nosies purškalas (tirpalas), N1",SEPTANAZAL,Vaistinis preparatas,"3,91",SEPTANAZAL (suaugusiems) 1 mg/50 mg/ml nosies purškalas (tirpalas) 10 ml N1,5.58,KRKA d.d.,SEPTANAZAL 0.5 mg/50 mg/ml nosies purškalas 10 ml,"4,84"
"LORATADINE ACTAVIS, 10 mg, Tabletės, N10",LORATADINE,Vaistinis preparatas,"4,10",LORATADINE Actavis (Loradon) 10 mg tabletės N10,4.1,Actavis,LORATADINE ACTAVIS 10 mg tabletės N10,"4,09"
"POSTERISAN, 25 g, Tepalas, N1",POSTERISAN,Vaistinis preparatas,"8,81","POSTERISAN 166,7 mg/g tepalas 25 g",8.81,Dr. Kade Pharmazeutiche Fabrik,POSTERISAN FORTE žvakutės N10,"9,56"
"MUCOFALK, 3,25g, granulės geriamajam tirpalui, N20",MUCOFALK,Vaistinis preparatas,"10,68",MUCOFALK 5 g apelsinų skonio granulės geriamajam tirpalui paketėlyje N20,9.22,Dr. Falk Pharma,MUCOFALK 3.25 g apelsinų skonio granulės geriamajam tirpalui N20,"10,59"
"SAB SIMPLEX, 30 ml, su lašintuvu, geriamoji suspensija, N1",SAB,Vaistinis preparatas,"3,33","SAB SIMPLEX 69,19 mg/ml geriamoji suspensija 30 ml",3.09,Pfizer H.C.P. Corporation,SAB SIMPLEX 69.19 mg/ml geriamieji lašai 30 ml,"3,08"
"LIDOPOSTERIN, 25 g, Tepalas, N1",LIDOPOSTERIN,Vaistinis preparatas,"9,57",LIDOPOSTERIN 50 mg/g tepalas 25 g,9.57,Dr. Kade Pharmazeutiche Fabrik,LIDOPOSTERIN tepalas 25 g,"9,56"
"BILOBIL 120 mg, Kietosios kapsulės, N60",BILOBIL,Vaistinis preparatas,"15,28",BILOBIL 120 mg kietosios kapsulės N60,16.66,KRKA d.d.,BILOBIL 120 mg kietosios kapsulės N60,"15,27"
