Title_100metu,Price_100metu,Manufacturer,Brand
LILANDOR 80 mg minkštosios kapsulės N14,5.64,Dr.Willmar Schwabe,LILANDOR
SMECTA 3 g milteliai geriamajai suspensijai N10,4.55,Beaufour Ipsen,SMECTA
UMCKALOR 20 mg plėvele dengtos tabletės N15,9.51,Deutsche Homoopathie,UMCKALOR
ACC 100 mg/3 g milteliai geriamajam tirpalui paketėlyje N20,4.71,Sandoz d.d.,ACC
ACC 20 mg/ml geriamasis tirpalas 100 ml,4.79,Sandoz d.d.,ACC
ACC 200 mg šnypščiosios tabletės N20,5.09,Sandoz d.d.,ACC
ACC 200 mg/3 g milteliai geriamajam tirpalui N20,4.82,Sandoz d.d.,ACC
ACC LONG 600 mg šnypščiosios tabletės N6,4.66,Sandoz d.d.,ACC
ACETERIN Express 10 mg plėvele dengtos tabletės N10,4.05,Sandoz d.d.,ACETERIN
ACETILSALICILO rūgštis Sanitas 500 mg tabletės N100,10.10,PharmaSwiss s.r.o.,ACETILSALICILO
ACETILSALICILO rūgštis Stirol 325 mg tabletės N10,0.96,Stirolbiofarm Baltikum SIA,ACETILSALICILO
ACIC 50 mg/g kremas 2 g N1,5.28,Sandoz d.d.,ACIC
"ACICLOVIR Actavis 50 mg/g kremas 5 g, N1",5.22,Actavis,ACICLOVIR
ACYCLOVIR Stada 50 mg/g kremas 5 g N1,5.69,Stada Arzneimittel,ACYCLOVIR
AFLUBIN geriamieji lašai 20 ml N1,5.75,Richard Bittner AG,AFLUBIN
AFLUBIN geriamieji lašai 50 ml N1,10.29,Richard Bittner AG,AFLUBIN
AFLUBIN tabletės N48,7.78,Richard Bittner AG,AFLUBIN
"AFRIN Menthol 0,5 mg/ml nosies purškalas (tirpalas) 15 ml N1",4.02,Bayer AG,AFRIN
AGNUCASTON plėvele dengtos tabletės N30,9.28,Bionorica GmbH,AGNUCASTON
ALKA-SELTZER 324 mg šnypščiosios tabletės N10,4.05,Bayer AG,ALKA-SELTZER
"ALLERGODIL 0,5 mg/ml akių lašai, tirpalas 6 ml",7.03,Meda Pharma GmbH,ALLERGODIL
ALLERGODIL 1 mg/ml nosies purškalas (tirpalas) 10 ml,7.03,Meda Pharma GmbH,ALLERGODIL
ALMAGELI A geriamoji suspensija 170 ml,3.97,Actavis,ALMAGELI
AMBROLAN 30 mg tabletės N20,2.81,G.L.Pharma GmbH,AMBROLAN
AMONIAKAS Valentis 100 mg/ml odos tirpalas 40 ml N1,1.54,"Valentis, UAB",AMONIAKAS
ANGIN-Heel S tabletės N50,6.56,Heel GmbH,ANGIN-Heel
ANTIFLAT 42 mg kramtomosios tabletės N50,4.95,G.L.Pharma GmbH,ANTIFLAT
APAP 500 mg plėvele dengtos tabletės N12,2.00,US Pharmacia Sp.z o.o.,APAP
APAP 500 mg plėvele dengtos tabletės N24,3.51,US Pharmacia Sp.z o.o.,APAP
APAP vaikams 250 mg granulės N10,5.57,US Pharmacia Sp.z o.o.,APAP
"ARTELAC 3,2 mg/ml akių lašai, tirpalas 10 ml N1",5.01,Dr. Gerhard Mann,ARTELAC
ASPIRIN 500 mg tabletės N100,9.57,Bayer AG,ASPIRIN
ASPIRIN 500 mg tabletės N20,3.57,Bayer AG,ASPIRIN
ASPIRIN Cardio 100 mg skrandyje neirios tabletės N28,3.82,Bayer AG,ASPIRIN
ASPIRIN Cardio 100 mg skrandyje neirios tabletės N98,7.37,Bayer AG,ASPIRIN
ASPIRIN-C 400 mg/240 mg šnypščiosios tabletės N10,4.74,Bayer AG,ASPIRIN-C
"AVODELE 1,5 mg tabletės N1",12.89,Inteli Generics Nord,AVODELE
BENFOGAMMA 50 mg dengtos tabletės N50,7.71,Worwag Pharma GmbH,BENFOGAMMA
BENZOTAL 200 mg/g tepalas 30 g N1,11.69,Grindeks AS,BENZOTAL
BEOTEBAL 10 mg tabletės N30,17.04,Pharm.Works Polpharma S.A.,BEOTEBAL
BEOTEBAL 10 mg tabletės N60,26.31,Pharm.Works Polpharma S.A.,BEOTEBAL
BEPANTHEN 50 mg/g kremas 30 g N1,5.14,Bayer AG,BEPANTHEN
BEPANTHEN 50 mg/g tepalas 30 g N1,5.14,Bayer AG,BEPANTHEN
BEPANTHEN Plus 50 mg/5 mg/g kremas 30 g N1,5.54,Bayer AG,BEPANTHEN
BETADINE 100 mg/g tepalas 100 g,17.55,Egis Pharmaceuticals,BETADINE
BETADINE 100 mg/g tepalas 20 g,5.47,Egis Pharmaceuticals,BETADINE
BETADINE 100 mg/ml odos tirpalas 1000 ml,19.81,Egis Pharmaceuticals,BETADINE
BETADINE 100 mg/ml odos tirpalas 120 ml,9.99,Egis Pharmaceuticals,BETADINE
BETADINE 100 mg/ml odos tirpalas 125 ml LI,9.41,"Lex ano, UAB",BETADINE
BETADINE 100 mg/ml odos tirpalas 30 ml,5.05,Egis Pharmaceuticals,BETADINE
BILOBIL 120 mg kietosios kapsulės N60,16.66,KRKA d.d.,BILOBIL
BILOBIL 80 mg kapsulės N60,11.53,KRKA d.d.,BILOBIL
BISACODYL Meda 5 mg dengtos tabletės N30,3.39,Meda Pharma GmbH,BISACODYL
BISACODYL-Grindeks 5 mg skrandyje neirios tabletės N40,4.86,Grindeks AS,BISACODYL-Grindeks
BLOCTIL 100 mg kietosios kapsulės N10,5.72,Rivopharm UK Ltd,BLOCTIL
BROMHEXINE 8 mg dengtos tabletės N25,2.81,Berlin Chemie,BROMHEXINE
BRONCHALIS-Heel tabletės N50,6.56,Heel GmbH,BRONCHALIS-Heel
BRONCHIPRET 60 mg/160 mg plėvele dengtos tabletės N20,6.21,Bionorica GmbH,BRONCHIPRET
BRONCHIPRET TI 150 mg/15 mg/g geriamasis tirpalas 100 ml,6.98,Bionorica GmbH,BRONCHIPRET
BRONTEX 15 mg/5 ml sirupas 100 ml N1,3.87,Ratiopharm GmbH & Co,BRONTEX
BRONTEX 30 mg tabletės N20,3.18,Ratiopharm GmbH & Co,BRONTEX
"BRONTEX 7,5 mg/ml geriamieji lašai 100 ml N1",4.72,Ratiopharm GmbH & Co,BRONTEX
CALCIGRAN 500 mg/200 TV kramtomosios tabletės N100,10.24,Orifarm Healthcare A/S,CALCIGRAN
CALCIGRAN 500 mg/200 TV kramtomosios tabletės N30,4.86,Orifarm Healthcare A/S,CALCIGRAN
CALCIGRAN Forte 500 mg/400 TV kramtomosios tabletės N60,10.24,Orifarm Healthcare A/S,CALCIGRAN
CALCIGRAN Sine 500 mg kramtomosios tabletės N100,9.24,Orifarm Healthcare A/S,CALCIGRAN
CANEPHRON dengtos tabletės N60,11.53,Bionorica GmbH,CANEPHRON
CANEPHRON intens dengtos tabletės N30,12.74,Bionorica GmbH,CANEPHRON
"CANESTEN 500 mg makšties minkštoji kapsulė, N1",10.10,Bayer AG,CANESTEN
CANIFUG Cremolum 200 mg ovulės N3,9.72,Dr. August Wolff,CANIFUG
CARBOSAN 20 mg/g gelis 5 g,4.38,Rowa Pharmaceuticals,CARBOSAN
CARSIL 110 mg kietosios kapsulės N30,8.03,Sopharma LTD,CARSIL
CETIRIZIN Actavis 10 mg plėvele dengtos tabletės N10,3.79,Actavis,CETIRIZIN
CETRIX 10 mg plėvele dengtos tabletės N10,3.01,Vitabalans OY,CETRIX
CINNABSIN N tab. N40,7.64,Alpen Pharma AG,CINNABSIN
CITRAMON-FORTE STIROL tabletės N24,3.51,Stirolbiofarm Baltikum SIA,CITRAMON-FORTE
CLARITINE 10 mg tabletės N10,4.48,Bayer AG,CLARITINE
COLDREX HotRem LEMON 750 mg/10 mg/60 mg milteliai geriamajam tirpalui N10,7.38,Richard Bittner AG,COLDREX
COLDREX HotRem LEMON 750 mg/10 mg/60 mg milteliai geriamajam tirpalui N5,4.44,Richard Bittner AG,COLDREX
COLDREX MaxGrip LEMON 1000 mg/10 mg/40 mg milteliai geriamajam tirpalui N10,7.87,Richard Bittner AG,COLDREX
COLDREX MaxGrip LEMON 1000 mg/10 mg/40 mg milteliai geriamajam tirpalui N5,4.67,Richard Bittner AG,COLDREX
COLDREX MaxGrip MENTHOL & BERRIES 1000 mg/10 mg/70 mg milteliai geriamajam tirpalui N10,7.87,Richard Bittner AG,COLDREX
COLDREX tabletės N12,4.69,Richard Bittner AG,COLDREX
CONTRACTUBEX gelis 20 g,14.30,Merz Pharmaceuticals,CONTRACTUBEX
CORNEREGEL 50 mg/g akių gelis 10 g N1,5.94,Dr. Gerhard Mann,CORNEREGEL
CORYZALIA dengtos tabletės N40,5.41,Laboratoires Boiron,CORYZALIA
DALERON Cold 3 325 mg/30 mg/15 mg plėvele dengtos tabletės N12,4.80,KRKA d.d.,DALERON
DALERON Cold 3 325 mg/30 mg/15 mg plėvele dengtos tabletės N24,7.87,KRKA d.d.,DALERON
"DECATYLEN 0,25 mg/0,03 mg kietosios pastilės N20",6.64,Mepha Ltd,DECATYLEN
"DECATYLEN 0,25 mg/0,03 mg kietosios pastilės N40",10.21,Mepha Ltd,DECATYLEN
DEEP HEAT (šildantis) kremas 67 g N1,5.92,The Mentholatum Company Ltd,DEEP
DEEP RELIEF 50 mg/30 mg/g gelis 50 g N1,6.57,The Mentholatum Company Ltd,DEEP
DELUFEN nosies purškalas (tirpalas) 20 ml,7.19,Richard Bittner AG,DELUFEN
DENTOKIND tabletės N150,10.01,Alpen Pharma AG,DENTOKIND
DENTOSEPT burnos gleivinės tirpalas 100 g,2.66,Phytopharm,DENTOSEPT
DETRALEX 500 mg plėvele dengtos tabletės N120,40.03,Les Laboratoires Servier,DETRALEX
DETRALEX 500 mg plėvele dengtos tabletės N30,11.01,Les Laboratoires Servier,DETRALEX
DETRALEX 500 mg plėvele dengtos tabletės N60,20.52,Les Laboratoires Servier,DETRALEX
DICLAC 10 mg/g gelis 50 g,5.30,Sandoz d.d.,DICLAC
DICLAC 50 mg/g gelis 100 g,11.02,Sandoz d.d.,DICLAC
DICLAC 50 mg/g gelis 50 g,7.14,Sandoz d.d.,DICLAC
DIGESTIVE AID tabletės N20,2.04,"Labofarm, IWLF",DIGESTIVE
DIGESTIVE AID tabletės N60,4.44,"Labofarm, IWLF",DIGESTIVE
DOLMEN 25 mg geriamasis tirpalas paketėlyje 10 ml N10,3.93,Berlin Chemie,DOLMEN
DOLMEN 25 mg granulės N10,3.93,Berlin Chemie,DOLMEN
DOLMEN 25 mg plėvele dengtos tabletės N10,3.51,Berlin Chemie,DOLMEN
DOLOBENE 500 TV/150 mg/25 mg/g gelis 50 g N1,10.36,Mepha Ltd,DOLOBENE
DOPPELHERZ Cardioherbal geriamasis skystis 500 ml,9.00,Queisser Pharma,DOPPELHERZ
DORMIKIND tabletės N150,10.01,Alpen Pharma AG,DORMIKIND
"Dr.Theiss Echinacea Forte geriamieji lašai, tirpalas 50 ml",5.43,Dr.Theiss Naturwaren GmbH,Dr.Theiss
Dr.Theiss HUSTICUM 50 mg/g sirupas 100 ml,4.28,Dr.Theiss Naturwaren GmbH,Dr.Theiss
DROTAVERINE Actiopharma (DRO SPAZ) 40 mg tabletės N20,2.95,"Actiofarma, UAB",DROTAVERINE
DUPHALAC 665 mg/ml geriamasis tirpalas 200 ml N1 LI,5.22,"Lex ano, UAB",DUPHALAC
DUPHALAC 667 mg/ml geriamasis tirpalas 1000 ml N1,16.17,Mylan Healthcare,DUPHALAC
DUPHALAC 667 mg/ml geriamasis tirpalas 200 ml N1,5.59,Mylan Healthcare,DUPHALAC
DUPHALAC 667 mg/ml geriamasis tirpalas 500 ml N1,10.37,Mylan Healthcare,DUPHALAC
DUPHALAC Fruit 667 mg/ml geriamasis tirpalas 500 ml N1,10.37,Mylan Healthcare,DUPHALAC
ECHINACEA Comp. Cosmoplex tab. N50,5.17,Heel GmbH,ECHINACEA
EFFERALGAN 150 mg žvakutės N10,4.09,Bristol-Myers Squibb/UPSA,EFFERALGAN
EFFERALGAN 30 mg/ml geriamasis tirpalas 90 ml,5.01,Bristol-Myers Squibb/UPSA,EFFERALGAN
EFFERALGAN 500 mg šnypščiosios tabletės N16,3.90,Bristol-Myers Squibb/UPSA,EFFERALGAN
EFFERALGAN 80 mg žvakutės N10,3.90,Bristol-Myers Squibb/UPSA,EFFERALGAN
EFFERALGAN C 330 mg/200 mg šnypščiosios tabletės N20,5.14,Bristol-Myers Squibb/UPSA,EFFERALGAN
ELEVIT Pronatal plėvele dengtos tabletės N30,11.95,Bayer AG,ELEVIT
ELFIMEST 20 mg skrandyje neirios tabletės N14,4.92,Teva Pharmaceutical Industries,ELFIMEST
ELFIMEST 20 mg skrandyje neirios tabletės N7,3.09,Teva Pharmaceutical Industries,ELFIMEST
EMOX 100 mg/g gelis 55 g N1,5.54,PharmaSwiss s.r.o.,EMOX
ENTEROL 250 mg kapsulės N10,6.47,Biocodex,ENTEROL
ENTEROL 250 mg kapsulės N20,9.89,Biocodex,ENTEROL
ENTEROL 250 mg milteliai geriamajai suspensijai N10,7.20,Biocodex,ENTEROL
ENTEROL 250 mg milteliai geriamajai suspensijai N20,10.24,Biocodex,ENTEROL
ESCADRA 20 mg skrandyje neirios kietosios kapsulės N7,3.86,KRKA d.d.,ESCADRA
"ESCAPELLE 1,5 mg tabletės N1",14.24,Gedeon Richter Plc,ESCAPELLE
ESPUMISAN 40 mg kapsulės N25,2.45,Berlin Chemie,ESPUMISAN
ESPUMISAN 40 mg kapsulės N50,4.07,Berlin Chemie,ESPUMISAN
ESPUMISAN L 40 mg/ml geriamoji emulsija 30 ml,4.36,Berlin Chemie,ESPUMISAN
ESSENTIALE Forte N 300 mg kapsulės N30,8.30,Opella Healthcare France SAS,ESSENTIALE
ESSENTIALE Forte N 300 mg kietosios kapsulės N100,18.02,Opella Healthcare France SAS,ESSENTIALE
ESSENTIALE Forte N 600 mg kapsulės N30,13.69,Opella Healthcare France SAS,ESSENTIALE
EUCABAL-BALSAM S kremas 40 ml,5.28,Esparma GmbH,EUCABAL-BALSAM
EUCARBON herbal 105 mg/25 mg/180 mg tabletės N30,7.37,F.Trenka GmbH,EUCARBON
EUPHORBIUM Compositum S nosies lašai (tirpalas) 20 ml N1,7.14,Heel GmbH,EUPHORBIUM
EXODERIL 10 mg/g kremas 15 g N1,7.62,Sandoz d.d.,EXODERIL
EXODERIL 10 mg/ml odos tirpalas 10 ml N1,7.37,Sandoz d.d.,EXODERIL
EXODERIL 10 mg/ml odos tirpalas 20 ml N1,12.74,Sandoz d.d.,EXODERIL
FARINGODOL forte 150 mg pastilės N16,6.53,Omega Pharma,FARINGODOL
FENISTIL 1 mg/g gelis 30 g N1,5.53,Novartis,FENISTIL
FENKAROL 25 mg tabletės N20,5.90,Olainfarm,FENKAROL
"FERCELAN 202,8 mg/0,8 mg/100 mg kietosios kapsulės N100",13.85,G.L.Pharma GmbH,FERCELAN
"FERCELAN 202,8 mg/0,8 mg/100 mg kietosios kapsulės N30",6.13,G.L.Pharma GmbH,FERCELAN
"FERRETAB comp. 152,1 mg/0,5 mg pailginto atpalaidavimo kapsulės N100",12.31,G.L.Pharma GmbH,FERRETAB
"FERRETAB comp. 152,1 mg/0,5 mg pailginto atpalaidavimo kapsulės N30",5.01,G.L.Pharma GmbH,FERRETAB
FERVEX be cukraus suaugusiems granulės geriamajam tirpalui paketėlyje N8,8.55,Bristol-Myers Squibb/UPSA,FERVEX
FERVEX Suaugusiems granulės geriamajam tirpalui paketėlyje N8,7.97,Bristol-Myers Squibb/UPSA,FERVEX
FERVEX Vaikams granulės geriamajam tirpalui paketėlyje N8,7.97,Bristol-Myers Squibb/UPSA,FERVEX
FINALGON 4 mg/25 mg/g tepalas 20 g,4.86,Sanofi-Aventis,FINALGON
FLAVAMED 15 mg/5 ml geriamasis tirpalas 100 ml N1,3.71,Berlin Chemie,FLAVAMED
FLAVAMED 30 mg tabletės N20,3.09,Berlin Chemie,FLAVAMED
FLAVAMED 30 mg/5 ml geriamasis tirpalas 100 ml N1,3.93,Berlin Chemie,FLAVAMED
FLAVAMED 60 mg šnypščiosios tabletės N10,4.62,Berlin Chemie,FLAVAMED
FLUDITEC 20 mg/ml sirupas 125 ml,3.82,Innotech Internacional,FLUDITEC
FLUDITEC 50 mg/ml sirupas 125 ml,4.02,Innotech Internacional,FLUDITEC
FORLAX 10 g milteliai geriamajam tirpalui N20,6.59,Beaufour Ipsen,FORLAX
FREST 1 mg/g gelis 30 g,5.08,Grindeks AS,FREST
"FURASOL 100 mg+900 mg gargalas,milteliai tirpalui N5",6.87,Olainfarm,FURASOL
GALANAS 1 mg/50 mg/ml nosies purškalas (tirpalas) 10 ml,4.74,Warszawskie Zaklady Farm. Polfa SA,GALANAS
GALAZOLIN 1 mg/ml nosies lašai (tirpalas) 10 ml,2.47,Warszawskie Zaklady Farm. Polfa SA,GALAZOLIN
GALAZOLIN 500 µg/ml nosies lašai (tirpalas) 10 ml,2.47,Warszawskie Zaklady Farm. Polfa SA,GALAZOLIN
GALIUM-Heel N geriamieji lašai 30 ml,7.21,Heel GmbH,GALIUM-Heel
GASEC 20 mg skrandyje neirios kietosios kapsulės N14,3.52,Rivopharm UK Ltd,GASEC
GASTRICUMEEL tabletės N50,6.56,Heel GmbH,GASTRICUMEEL
"GASTROVAL geriamieji lašai, tirpalas 25 ml N1",2.63,"Valentis, UAB",GASTROVAL
GELOMYRTOL Forte 300 mg skrandyje neirios minkštos kapsulės N100,23.06,G.Pohl-Boskamp GmbH,GELOMYRTOL
GELOMYRTOL Forte 300 mg skrandyje neirios minkštos kapsulės N20,6.10,G.Pohl-Boskamp GmbH,GELOMYRTOL
GINGIUM 120 mg plėvele dengtos tabletės N30,10.36,Sandoz d.d.,GINGIUM
GINGIUM 120 mg plėvele dengtos tabletės N60,18.90,Sandoz d.d.,GINGIUM
GINKOBIL 120 mg kapsulės N40,14.08,"Aconitum, UAB",GINKOBIL
GINKOMED tinktūra(1:5) 1ml/ml geriamasis tirpalas 100 ml N1,3.09,"Valentis, UAB",GINKOMED
GINKOR fort 14 mg/300 mg/300 mg kietosios kapsulės N30,11.68,Laboratories Tonipharm,GINKOR
"GLUCOSAMIN-Ratiopharm 1,5 g milteliai geriamajam tirpalui N20",14.51,Ratiopharm GmbH & Co,GLUCOSAMIN-Ratiopharm
GRIPEX 325 mg/30 mg/10 mg plėvele dengtos tabletės N12,5.03,US Pharmacia Sp.z o.o.,GRIPEX
GRIPEX 325 mg/30 mg/10 mg plėvele dengtos tabletės N24,7.90,US Pharmacia Sp.z o.o.,GRIPEX
GRIPEX 500 mg/30 mg/15 mg plėvele dengtos tabletės N10,5.70,US Pharmacia Sp.z o.o.,GRIPEX
GRIPEX 500 mg/30 mg/15 mg plėvele dengtos tabletės N20,8.18,US Pharmacia Sp.z o.o.,GRIPEX
"GRIPEX Thermal 1000 mg/100 mg/12,2 mg milteliai geriamajam tirpalui N12",8.37,US Pharmacia Sp.z o.o.,GRIPEX
"GRIPEX Thermal 1000 mg/100 mg/12,2 mg milteliai geriamajam tirpalui N8",6.60,US Pharmacia Sp.z o.o.,GRIPEX
GRIPEX Thermal 300 mg/20 mg/ 5mg milteliai geriamajam tirpalui N12,6.56,US Pharmacia Sp.z o.o.,GRIPEX
GRIPEX Thermal 650 mg/50 mg/10 mg milteliai geriamajam tirpalui N8,5.96,US Pharmacia Sp.z o.o.,GRIPEX
GRIPP-Heel tabletės N50,6.56,Heel GmbH,GRIPP-Heel
GRIPPOSTAD C kapsulės N24,5.01,Stada Arzneimittel,GRIPPOSTAD
GRIVIX 1 g gelis 30 g,5.32,Medana Pharma SA,GRIVIX
GUDOBELIŲ  skystasis ekstraktas Valentis geriamieji lašai 25 ml,1.75,"Valentis, UAB",GUDOBELIŲ
"GUDOBELIŲ tinktūra Valentis 1 ml/ml geriamieji lašai, tirpalas 25 ml",1.14,"Valentis, UAB",GUDOBELIŲ
"GUDOBELIŲ tinktūra Valentis 1 ml/ml geriamieji lašai, tirpalas 80 ml",1.75,"Valentis, UAB",GUDOBELIŲ
"GUTTALAX 7,5 mg/ml geriamieji lašai, tirpalas 15 ml",4.71,Sanofi-Aventis,GUTTALAX
"GUTTALAX 7,5 mg/ml geriamieji lašai, tirpalas 30 ml",7.71,Sanofi-Aventis,GUTTALAX
"GYNACOHEEL geriamieji lašai, tirpalas 30 ml N1",7.21,Heel GmbH,GYNACOHEEL
"HEDELIX 40 mg/ml geriamieji lašai, tirpalas 50 ml",5.08,Krewel Meuselbach,HEDELIX
HEDELIX 8 mg/ml sirupas 100 ml,6.00,Krewel Meuselbach,HEDELIX
HELMINTOX 125 mg plėvele dengtos tabletės N6,3.96,Innotech Internacional,HELMINTOX
"HELMINTOX 125 mg/2,5 ml geriamoji suspensija 15 ml",3.96,Innotech Internacional,HELMINTOX
HELMINTOX 250 mg  plėvele dengtos tabletės N3,3.96,Innotech Internacional,HELMINTOX
HEMOROL žvakutės N12,7.34,Herbapol Wroclaw,HEMOROL
HEPEEL tabletės N50,6.56,Heel GmbH,HEPEEL
HERBION 35 mg kietosios pastilės  N16,4.74,KRKA d.d.,HERBION
HERBION 7 mg/ml sirupas 150 ml N1,4.50,KRKA d.d.,HERBION
HIDRASEC 100 mg kietosios kapsulės N10,8.45,Bioprojet Europe Ltd.,HIDRASEC
HJERTEMAGNYL 150 mg plėvele dengtos tabletės N30,3.76,Takeda Pharma AS,HJERTEMAGNYL
HJERTEMAGNYL 150 mg plėvele dengtos tabletės N90,6.55,Takeda Pharma AS,HJERTEMAGNYL
HJERTEMAGNYL 75 mg plėvele dengtos tabletės N100,4.86,Takeda Pharma AS,HJERTEMAGNYL
HOMEOVOX dengtos tabletės N60,5.72,Laboratoires Boiron,HOMEOVOX
IBUGARD 100 mg /5 ml geriamoji suspensija 120 ml,4.02,Pharm.Works Polpharma S.A.,IBUGARD
IBUGARD 125 mg žvakutės N10,3.96,Pharm.Works Polpharma S.A.,IBUGARD
IBUGARD 200 mg minkštosios kapsulės N10,2.14,Pharm.Works Polpharma S.A.,IBUGARD
IBUGARD 200 mg/5 ml geriamoji suspensija 100 ml,7.37,Pharm.Works Polpharma S.A.,IBUGARD
IBUGARD 60 mg žvakutės N10,3.96,Pharm.Works Polpharma S.A.,IBUGARD
IBUMAX 400 mg plėvele dengtos tabletės N10,1.73,Vitabalans OY,IBUMAX
IBUMETIN 200 mg plėvele dengtos tabletės N10,1.85,Orifarm Healthcare A/S,IBUMETIN
IBUMETIN 400 mg plėvele dengtos tabletės N10,2.69,Orifarm Healthcare A/S,IBUMETIN
IBUMETIN 400 mg plėvele dengtos tabletės N20,4.05,Orifarm Healthcare A/S,IBUMETIN
IBUPROFEN Lannacher 400 mg plėvele dengtos tabletės N10,2.00,G.L.Pharma GmbH,IBUPROFEN
IBUPROM 200 mg dengtos tabletės N10,2.30,US Pharmacia Sp.z o.o.,IBUPROM
IBUPROM 200 mg dengtos tabletės N20,3.86,US Pharmacia Sp.z o.o.,IBUPROM
IBUPROM 400 mg plėvele dengtos tabletės N10 (US Pharmacia Sp.z o.o.),2.69,US Pharmacia Sp.z o.o.,IBUPROM
IBUPROM 400 mg plėvele dengtos tabletės N20,4.05,US Pharmacia Sp.z o.o.,IBUPROM
IBUPROM Express 400 mg minkštosios kapsulės N10,3.65,US Pharmacia Sp.z o.o.,IBUPROM
IBUPROM Express 400 mg minkštosios kapsulės N20 (US Pharmacia Sp.z o.o.),5.72,US Pharmacia Sp.z o.o.,IBUPROM
IBUPROM Express 400 mg minkštosios kapsulės N4,1.61,US Pharmacia Sp.z o.o.,IBUPROM
IBUPROM vaikams 40 mg/ml geriamoji suspensija 100 ml N1,7.53,US Pharmacia Sp.z o.o.,IBUPROM
IBUSTAR (vaikams) 20 mg/ml geriamoji suspensija 100 ml,3.82,Berlin Chemie,IBUSTAR
IBUSTAR 400 mg plėvele dengtos tabletės N10,1.75,Berlin Chemie,IBUSTAR
ILOXEN 200 mg/30 mg plėvele dengtos tabletės N12,6.99,PharmaSwiss s.r.o.,ILOXEN
IMMUNOKIND tabletės N150,10.01,Alpen Pharma AG,IMMUNOKIND
IMODIUM 2 mg kapsulės N6,4.69,McNeil Products Ltd,IMODIUM
INFLUCID tabletės N40,7.64,Alpen Pharma AG,INFLUCID
"INOVOX Honey Lemon 2 mg/0,6 mg/1,2 mg kietosios pastilės N24",7.43,US Pharmacia Sp.z o.o.,INOVOX
"INOVOX MENTHOL 2 mg/0,6 mg/1,2 mg kietosios pastilės N24",7.43,US Pharmacia Sp.z o.o.,INOVOX
"INOVOX ORANGE 2 mg/0,6 mg/1,2 mg kietosios pastilės N24",7.43,US Pharmacia Sp.z o.o.,INOVOX
IPRAALOX 20 mg skrandyje neirios kietosios kapsulės N14,3.84,Sanofi-Aventis,IPRAALOX
JODAS Valentis 50 mg/ml odos tirpalas 10 ml N1,1.19,"Valentis, UAB",JODAS
JOX 85MG/1MG/ML BURNOS PURŠKALAS 30ML,7.38,Teva Pharmaceutical Industries,JOX
KALIO Permanganatas Valentis milteliai odos tirpalui 10 g,1.66,"Valentis, UAB",KALIO
KALIO Permanganatas Valentis milteliai odos tirpalui 5 g,1.66,"Valentis, UAB",KALIO
KAMISTAD N 20 mg/185 mg/g burnos gleivinės gelis 10 g N1,6.85,Stada Arzneimittel,KAMISTAD
KAMPARAS Valentis 100 mg/ml odos tirpalas 80 ml N1,1.43,"Valentis, UAB",KAMPARAS
KAMPARO aliejus Valentis 100 mg/ml odos tirpalas 30 ml N1,1.17,"Valentis, UAB",KAMPARO
KAPSIKAM tepalas 50 g N1,8.36,Grindeks AS,KAPSIKAM
"KLIMADYNON 2,8 mg plėvele dengtos tabletės N90",13.43,Bionorica GmbH,KLIMADYNON
KLIMAKT-Heel tabletės N50,6.56,Heel GmbH,KLIMAKT-Heel
KREON 10'000 V 8000 V/10000 V/600 V skrandyje neirios kietosios kapsulės N20 liz.pl,4.96,Mylan Healthcare,KREON
"LABELLA 1,5 mg tabletė N1",13.20,Exeltis Baltics UAB,LABELLA
LAMISIL 10 mg/g kremas 15 g N1,9.44,Novartis,LAMISIL
"LECROLYN 40 mg/ml akių lašai, tirpalas 5 ml N1",5.94,Santen OY,LECROLYN
"LECROLYN sine 40 mg/ml akių lašai, tirpalas 10 ml",9.84,Santen OY,LECROLYN
"LENOSTELLA 1,5 mg tabletės N1",14.24,Sandoz d.d.,LENOSTELLA
LIDOPOSTERIN 50 mg/g tepalas 25 g,9.57,Dr. Kade Pharmazeutiche Fabrik,LIDOPOSTERIN
LILANDOR 80 mg minkštosios kapsulės N28,10.10,Dr.Willmar Schwabe,LILANDOR
LINEX kietosios kapsulės N16,7.78,Sandoz d.d.,LINEX
LIOTON 1000 TV/g gelis 100 g,16.96,Berlin Chemie,LIOTON
LIOTON 1000 TV/g gelis 50 g,8.55,Berlin Chemie,LIOTON
"LIUGOLIS 12,5 mg/ml burnos gleivinės purškalas (tirpalas) 50 ml N1",3.27,"Valentis, UAB",LIUGOLIS
LIVOSIL 140 mg kapsulės N30,8.16,"Aconitum, UAB",LIVOSIL
LIVOSIL 140 mg kapsulės N60,14.96,"Aconitum, UAB",LIVOSIL
LOMEXIN 200 mg makšties minkštos kapsulės N3,10.61,Recordati Ireland Ltd,LOMEXIN
LOMEXIN 600 mg makšties minkštos kapsulės N1,10.61,Recordati Ireland Ltd,LOMEXIN
LOPACUT 2 mg plėvele dengtos tabletės N10,2.25,Vitabalans OY,LOPACUT
LOPEDIUM Express 2 mg kapsulės N10,3.65,Sandoz d.d.,LOPEDIUM
LORATADINE Actavis (Loradon) 10 mg tabletės N10,4.10,Actavis,LORATADINE
LYMPHOMYOSOT geriamieji lašai 30 ml N1,7.83,Heel GmbH,LYMPHOMYOSOT
MAALOX (be cukraus) 400 mg/400 mg kramtomosios tabletės N40,4.62,Sanofi-Aventis,MAALOX
MAALOX 40 mg/35 mg/ml geriamoji suspensija 250 ml,5.25,Sanofi-Aventis,MAALOX
"MAALOX 460 mg/400 mg/4,3 ml geriamoji suspensija N20",7.38,Sanofi-Aventis,MAALOX
MAGNE B6 186 mg/936 mg/10 mg/10 ml geriamasis tirpalas 10 ml N10,7.37,Opella Healthcare France SAS,MAGNE
MAGNE B6 470 mg/5 mg dengtos tabletės N60,9.78,Opella Healthcare France SAS,MAGNE
"MAGNESIUM Diasporal 295,7 mg/5g granulės geriamajam tirpalui paketėlyje N20",8.30,Protina GmbH,MAGNESIUM
"MAGNESIUM Diasporal 295,7 mg/5g granulės geriamajam tirpalui paketėlyje N50",15.79,Protina GmbH,MAGNESIUM
MAGNESIUM Diasporal 400 mg milteliai geriamajam tirpalui paketėlyje N20,10.65,Protina GmbH,MAGNESIUM
MAGNESIUM Diasporal Direct 400 mg granulės paketėlyje N20,10.65,Protina GmbH,MAGNESIUM
MASTODYNON tabletės N60,10.77,Bionorica GmbH,MASTODYNON
MEDETKŲ tinktūra Valentis 1 ml/ml odos tirpalas ar konc.burnos gleivinės tirp. 40 ml N1,1.44,"Valentis, UAB",MEDETKŲ
MENOVASINAS 25 mg/10 mg/ml odos tirpalas 40 ml N1,1.88,"Valentis, UAB",MENOVASINAS
MERCURIUS-Heel S tabletės N50,4.78,Heel GmbH,MERCURIUS-Heel
METADOXIL 500 mg tabletės N10,10.33,Baldacci,METADOXIL
METEOSPASMYL 60 mg/300 mg kapsulės N20 (Laboratories Mayoly Spindler),4.85,Laboratories Mayoly Spindler,METEOSPASMYL
"MĖTŲ TINKTŪRA Valentis 1 ml/ml geriamieji lašai, tirpalas 25 ml N1",1.44,"Valentis, UAB",MĖTŲ
MEZYM 10000 V skrandyje neirios tabletės N10,2.75,Berlin Chemie,MEZYM
MEZYM 20000 V skrandyje neirios tabletės N20,6.33,Berlin Chemie,MEZYM
MIALDEX 25 mg plėvele dengtos tabletės N10,2.95,Inteli Generics Nord,MIALDEX
MICROLAX 625 mg/90 mg/9 mg/ml tiesiosios žarnos tirpalas 5 ml N12,14.99,McNeil Products Ltd,MICROLAX
MICROLAX 625 mg/90 mg/9 mg/ml tiesiosios žarnos tirpalas 5 ml N4,5.99,McNeil Products Ltd,MICROLAX
MILGAMMA N 40 mg/90 mg/250 µg minkštosios kapsulės N20,5.31,Worwag Pharma GmbH,MILGAMMA
MINOXIDIL INTELI 20 mg/ml odos tirpalas 60 ml,25.39,Inteli Generics Nord,MINOXIDIL
MINOXIDIL INTELI 50 mg/ml odos tirpalas 60 ml,28.21,Inteli Generics Nord,MINOXIDIL
MIRAMILE burnos gleivinės purškalas (tirpalas) 30 ml,4.69,"Valentis, UAB",MIRAMILE
MOMETASONE Teva 50 µg/dozėje nosies purškalas (suspensija) 60 dozių,6.86,Teva Pharmaceutical Industries,MOMETASONE
MUCOFALK 5 g apelsinų skonio granulės geriamajam tirpalui paketėlyje N20,9.22,Dr. Falk Pharma,MUCOFALK
MUCOSA Compositum tabletės N50,7.61,Heel GmbH,MUCOSA
MYRTOL (Gelomyrtol) 120 mg skrandyje neirios minkštos kapsulės N20,4.70,G.Pohl-Boskamp GmbH,MYRTOL
NALGESIN S 275 mg plėvele dengtos tabletės N10,3.65,KRKA d.d.,NALGESIN
NALGESIN S 275 mg plėvele dengtos tabletės N20,5.15,KRKA d.d.,NALGESIN
NASOMETIN 50 µg/dozėje nosies purškalas (suspensija) 60 dozių,7.37,Sandoz d.d.,NASOMETIN
NEO-ANGIN  be cukraus kietosios pastilės N24,5.17,Divapharma GmbH,NEO-ANGIN
NEO-ANGIN kietosios pastilės N24,5.17,Divapharma GmbH,NEO-ANGIN
NEOASKOFENAS tabletės N20,3.51,PharmaSwiss s.r.o.,NEOASKOFENAS
NEOCITRAMONAS tabletės N20,3.58,PharmaSwiss s.r.o.,NEOCITRAMONAS
NERVOHEEL N tabletės N50,6.56,Heel GmbH,NERVOHEEL
NEUREXAN tabletės N50,7.49,Heel GmbH,NEUREXAN
"NEUROMED geriamieji lašai, tirpalas 50 ml N1",2.81,"Valentis, UAB",NEUROMED
NEUROMULTIVIT plėvele dengtos tabletės N100,16.44,G.L.Pharma GmbH,NEUROMULTIVIT
NEUROMULTIVIT plėvele dengtos tabletės N20,4.88,G.L.Pharma GmbH,NEUROMULTIVIT
NEURORUBINE Forte lactab 200 mg/50 mg/1 mg plėvele dengtos tabletės N20,7.11,Mepha Ltd,NEURORUBINE
NICORETTE Coolmint 1 mg/išpurškime burnos gleivinės purškalas (tirpalas) 150 dozių,21.94,McNeil Products Ltd,NICORETTE
NICORETTE Freshfruit 2 mg vaistinė kramtomoji guma N30,9.47,McNeil Products Ltd,NICORETTE
NICORETTE Freshfruit 4 mg vaistinė kramtomoji guma N30,9.47,McNeil Products Ltd,NICORETTE
NICORETTE Freshmint 2 mg vaistinė kramtomoji guma N30,9.47,McNeil Products Ltd,NICORETTE
NICORETTE Freshmint 4 mg vaistinė kramtomoji guma N30,10.42,McNeil Products Ltd,NICORETTE
NICORETTE Invisipatch 25 mg/16 val. transderminis pleistras N7,22.52,McNeil Products Ltd,NICORETTE
NIQUITIN 21 mg/24 val.transderminis pleistras N7,19.64,Richard Bittner AG,NIQUITIN
NIQUITIN Mint 2 mg vaistinė kramtomoji guma N30,9.90,Richard Bittner AG,NIQUITIN
NIZORAL 20 mg/g šampūnas 100 ml,15.15,Stada Arzneimittel,NIZORAL
NIZORAL 20 mg/g šampūnas 60 ml N1,10.95,Stada Arzneimittel,NIZORAL
NO-SPA 40 mg plėvele dengtos tabletės N24,4.76,Opella Healthcare France SAS,NO-SPA
NO-SPA 40 mg tabletės N24,4.85,Opella Healthcare France SAS,NO-SPA
NOLPAZA 20 mg skrandyje neirios tabletės N14,4.19,KRKA d.d.,NOLPAZA
NOLPAZA 20 mg skrandyje neirios tabletės N7,2.70,KRKA d.d.,NOLPAZA
NOMEX (Xylometazolini ICN Polfa) 1 mg/ml nosies lašai (tirpalas) 10 ml,2.09,Meda Pharma GmbH,NOMEX
NUROFEN 200 mg dengtos tabletės N12,2.21,Reckitt Benckiser Healthcare,NUROFEN
NUROFEN Forte 400 mg dengtos tabletės N12,3.32,Reckitt Benckiser Healthcare,NUROFEN
NUROFEN Forte Express 400 mg dengtos tabletės N12,4.04,Reckitt Benckiser Healthcare,NUROFEN
NUROFEN Forte Strawberry 40 mg/ml geriamoji suspensija 100 ml N1,8.87,Reckitt Benckiser Healthcare,NUROFEN
NUROFLEX 200 mg vaistinis pleistras N2,8.49,Reckitt Benckiser Healthcare,NUROFLEX
"NUX VOMICA- Homaccord geriamieji lašai, tirpalas 30 ml N1",7.83,Heel GmbH,NUX
"OCULOHEEL akių lašai, tirpalas 0,45ml N15",8.19,Heel GmbH,OCULOHEEL
"OFTAGEL 2,5 mg/g akių gelis 10 g",5.28,Santen OY,OFTAGEL
OKTISEPTAS 1 mg/20 mg/ml (su purškalo pompa) odos tirpalas 250 ml N1,9.68,"Apiterapija, UAB",OKTISEPTAS
OKTISEPTAS 1 mg/20 mg/ml (su purškalo pompa) odos tirpalas 50 ml N1,6.10,"Apiterapija, UAB",OKTISEPTAS
OKTISEPTAS 1 mg/20 mg/ml odos tirpalas 1000 ml,19.65,"Apiterapija, UAB",OKTISEPTAS
OLFEN 10 mg/g gelis 100 g N1,9.00,Mepha Ltd,OLFEN
OLFEN 10 mg/g gelis 50 g N1,5.72,Mepha Ltd,OLFEN
OLFEN 140 mg transderminis pleistras N10,20.39,Mepha Ltd,OLFEN
OLFEN 140 mg transderminis pleistras N2,7.22,Mepha Ltd,OLFEN
OLFEN 140 mg transderminis pleistras N5,12.43,Mepha Ltd,OLFEN
OLYDEX 1 mg/50 mg/ml nosies purškalas (tirpalas) 10 ml,5.01,McNeil Products Ltd,OLYDEX
OLYNTH 1 mg/ml nosies lašai (tirpalas) 10 ml,3.28,McNeil Products Ltd,OLYNTH
OLYNTH 1 mg/ml nosies purškalas (tirpalas) 10 ml,4.63,McNeil Products Ltd,OLYNTH
"OLYNTH HA 0,5 mg/ml nosies purškalas (tirpalas) 10 ml",5.52,McNeil Products Ltd,OLYNTH
OMEP UNO 20 mg skrandyje neirios kietosios kapsulės N14,3.79,Sandoz d.d.,OMEP
"ONYTEC 80 mg/g vaistinis nagų lakas 3,3 ml",25.31,Polichem S.A.,ONYTEC
OPEXA 20 mg tabletės N10,3.66,Berlin Chemie,OPEXA
ORLISTAT Polpharma 60 mg kapsulės N42,25.01,Pharm.Works Polpharma S.A.,ORLISTAT
"OSCILLOCOCCINUM 0,01 ml/g piliulės viendozėje talpyklėje N30",24.14,Laboratoires Boiron,OSCILLOCOCCINUM
"OSCILLOCOCCINUM 0,01 ml/g piliulės viendozėje talpyklėje N6",6.72,Laboratoires Boiron,OSCILLOCOCCINUM
"OTINUM 200 mg/g ausų lašai, tirpalas 10 g",5.28,Meda Pharma GmbH,OTINUM
OTIPAX 40 mg/10 mg/g ausų lašai 15 ml,4.71,Biocodex,OTIPAX
"OTRIDUO 0,5 mg/0,6 mg/ml nosies purškalas (tirpalas) 10 ml N1",5.29,Novartis,OTRIDUO
OTRINAZIL  1 mg/50 mg/ml nosies purškalas (tirpalas) 10 ml,5.29,GlaxoSmithKline Consumer Healthcare,OTRINAZIL
"OTRIVIN 0,5 mg/ml nosies lašai (tirpalas) 10 ml",3.15,Novartis,OTRIVIN
OTRIVIN 1 mg/ml nosies lašai (tirpalas) 10 ml N1,3.47,Novartis,OTRIVIN
OTRIVIN 1 mg/ml nosies purškalas (tirpalas) 10 ml N1,4.88,Novartis,OTRIVIN
OTRIVIN Menthol 1 mg/ml nosies purškalas (tirpalas) 10 ml N1,5.29,Novartis,OTRIVIN
"PANADOL 120 mg/5 ml geriamoji suspensija 100 ml, N1",5.45,GlaxoSmithKline Consumer Healthcare,PANADOL
PANANGIN 158 mg/140 mg plėvele dengtos tabletės N50,7.26,Gedeon Richter Plc,PANANGIN
PANANGIN 316 mg/280 mg plėvele dengtos tabletės N30,11.01,Gedeon Richter Plc,PANANGIN
PANZILAN 20 mg skrandyje neirios tabletės N14 (G.L. Pharma GmbH),3.79,G.L.Pharma GmbH,PANZILAN
PANZYNORM FORTE N 20000 V/12000 V/900 V plėvele dengtos tabletės N10,2.30,KRKA d.d.,PANZYNORM
PARACETAMOL Actavis 500 mg tabletės N20,2.29,Teva Pharmaceutical Industries,PARACETAMOL
PARACETAMOL Zentiva 500 mg tabletės N20,1.92,"Zentiva, k.s.",PARACETAMOL
PARACETAMOL-ratiopharm 125 mg žvakutės N10,3.32,Ratiopharm GmbH & Co,PARACETAMOL-ratiopharm
PARACETAMOL-ratiopharm 250 mg žvakutės N10,3.65,Ratiopharm GmbH & Co,PARACETAMOL-ratiopharm
PARACETAMOLIS Sanitas 500 mg tabletės N20,2.95,PharmaSwiss s.r.o.,PARACETAMOLIS
PARAMAX Rapid 500 mg tabletės N20,2.31,Vitabalans OY,PARAMAX
PAXELADINE 10 mg/5 ml sirupas 100 ml,5.67,Beaufour Ipsen,PAXELADINE
"PEDEKS  4,2 mg/ ml   odos tirpalas 60 ml",3.82,LMP SIA,PEDEKS
PERMETHRIN 40 mg/g tepalas aliuminio tubelėje 40 g,7.38,LMP SIA,PERMETHRIN
PERSEN dengtos tabletės N40,6.73,"Zentiva, k.s.",PERSEN
PERSEN-Forte kapsulės N20,6.73,"Zentiva, k.s.",PERSEN-Forte
PERTUSINAS Forte sirupas 100 ml,3.47,"Valentis, UAB",PERTUSINAS
PERTUSINAS sirupas 100 ml N1,2.82,"Valentis, UAB",PERTUSINAS
PERTUSINAS vaikams 1 ml/5 ml sirupas 100 ml N1,4.05,"Valentis, UAB",PERTUSINAS
"PHOSPHOR-Homaccord geriamieji lašai, tirpalas 30 ml N1",7.83,Heel GmbH,PHOSPHOR-Homaccord
PIASCLEDINE 300 mg kietosios kapsulės N30,25.41,Laboratoires Expanscience,PIASCLEDINE
PIRANTELIS Medana 250 mg/5 ml geriamoji suspensija 15 ml,4.16,Pharm.Works Polpharma S.A.,PIRANTELIS
"POLOVOX 8,75 mg/dozėje burnos gleivinės purškalas, tirpalas 15 ml",9.01,Pharm.Works Polpharma S.A.,POLOVOX
"POSAMYK 78,22 mg/ml vaistinis nagų lakas 3,3 ml",23.92,Sandoz d.d.,POSAMYK
"POSTERISAN 166,7 mg/g tepalas 25 g",8.81,Dr. Kade Pharmazeutiche Fabrik,POSTERISAN
"POSTERISAN 387,1 mg žvakutės N10",8.81,Dr. Kade Pharmazeutiche Fabrik,POSTERISAN
"POSTERISAN Forte 2,5 mg/166,7 mg/g tepalas 25 g",7.18,Dr. Kade Pharmazeutiche Fabrik,POSTERISAN
"POSTERISAN Forte 5 mg/387,1 mg žvakutės N10",9.57,Dr. Kade Pharmazeutiche Fabrik,POSTERISAN
POSTINOR 1500 µg burnoje disperguojamosios tabletės N1,16.19,Gedeon Richter Plc,POSTINOR
POTASSIUM Iodide 65 mg tabletės N10,5.54,G.L.Pharma GmbH,POTASSIUM
POTASSIUM Iodide 65 mg tabletės N20,13.55,G.L.Pharma GmbH,POTASSIUM
PROCTO-GLYVENOLUM 2% tiesiosios žarnos kremas 30 g,8.85,Recordati Ireland Ltd,PROCTO-GLYVENOLUM
PROCTO-GLYVENOLUM 400 mg/40 mg žvakutės N10,9.43,Recordati Ireland Ltd,PROCTO-GLYVENOLUM
"PROPOLIS MDF 300 mg/ml burnos, gerklų, ryklės tirpalas 30 ml",6.20,Medicata filia UAB,PROPOLIS
PROSPAN 65 mg šnypščiosios tabletės N10,6.73,Engelhard K. Arzneimittel GmbH,PROSPAN
PROSPAN 7 mg/ml sirupas 100 ml,7.26,Engelhard K. Arzneimittel GmbH,PROSPAN
PROSTAMOL Uno 320 mg kapsulės N30,12.75,Berlin Chemie,PROSTAMOL
PROSTAMOL Uno 320mg kapsulės N60,25.14,Berlin Chemie,PROSTAMOL
PSILO-BALSAM 10 mg/g gelis 20 g N1,5.37,Stada Arzneimittel,PSILO-BALSAM
RADIREX tabletės N10,4.04,Herbapol Wroclaw,RADIREX
"RAMEVAL 1 ml/ml geriamieji lašai, tirpalas 50 ml N1",1.67,"Valentis, UAB",RAMEVAL
RAPHACHOLIN dengtos tabletės N30,6.33,Herbapol Wroclaw,RAPHACHOLIN
RECREOL 50 mg/g kremas 50 g N1,5.94,Grindeks AS,RECREOL
RECREOL 50 mg/g tepalas 50 g N1,5.94,Grindeks AS,RECREOL
REGAINE 50 mg/ml odos tirpalas 60 ml,43.97,McNeil Products Ltd,REGAINE
"REGULAX Picosulphate 7,23 mg/ml geriamieji lašai, tirpalas 20 ml",3.84,Krewel Meuselbach,REGULAX
"REHYDRON OPTIM 10,7 g milteliai geriamajam tirpalui paketėlyje N20",21.67,Orion Pharma,REHYDRON
RENNIE 680 mg/80 mg kramtomosios tabletės N24,3.51,Bayer AG,RENNIE
RENNIE Orange 680 mg/80 mg kramtomosios tabletės N24,3.51,Bayer AG,RENNIE
RESPIFORTIN 600 mg šnypščiosios tabletės N10,5.54,Natur Produkt Zdrovit Sp.z o.o,RESPIFORTIN
RHINO-STAS 1 mg/ml nosies purškalas (tirpalas) 10 ml N1,4.10,Stada Arzneimittel,RHINO-STAS
RICINOS aliejus Valentis 1 ml/ml geriamasis skystis 50 ml N1,1.60,"Valentis, UAB",RICINOS
ROWACHOL kapsulės N50,8.34,Rowa Pharmaceuticals,ROWACHOL
ROWATINEX kapsulės N100,15.51,Rowa Pharmaceuticals,ROWATINEX
ROWATINEX kapsulės N50,8.34,Rowa Pharmaceuticals,ROWATINEX
"SAB SIMPLEX 69,19 mg/ml geriamoji suspensija 30 ml",3.09,Pfizer H.C.P. Corporation,SAB
SALICILO Rūgštis BP 10 mg/ml odos tirpalas 40 ml stik,0.77,"Valentis, UAB",SALICILO
SALICILO rūgštis BP 10 mg/ml odos tirpalas 80 ml stik,1.03,"Valentis, UAB",SALICILO
SARIDON 250 mg/150 mg/50 mg tabletės N10,2.30,Bayer AG,SARIDON
SEDALIA sirupas 200 ml N1,7.13,Laboratoires Boiron,SEDALIA
SEDATIF PC tab. N40,5.98,Laboratoires Boiron,SEDATIF
SENEBACTUM 100 mg/ml odos tirpalas 100 ml,5.72,"Valentis, UAB",SENEBACTUM
"SENEBACTUM 100 mg/ml odos tirpalas 1000 ml N1 (UAB ""Valentis"")",18.74,"Valentis, UAB",SENEBACTUM
SENEBACTUM 100 mg/ml odos tirpalas su lašintuvu 30 ml,3.45,"Valentis, UAB",SENEBACTUM
SENEFOL 300 mg tabletės N20,1.96,"Labofarm, IWLF",SENEFOL
SENEFOL 300 mg tabletės N60,3.87,"Labofarm, IWLF",SENEFOL
"SEPTABENE 1,5 mg/5 mg/ml burnos gleivinės purškalas (tirpalas) 30 ml, N1",8.18,KRKA d.d.,SEPTABENE
SEPTABENE citrinų ir medaus skonio 3 mg/1 mg kietosios pastilės N16,7.78,KRKA d.d.,SEPTABENE
SEPTABENE citrinų ir šeivamedžio skonio 3 mg/1 mg kietosios pastilės N16,7.78,KRKA d.d.,SEPTABENE
SEPTABENE eukaliptų skonio 3 mg/1 mg kietosios pastilės N16,6.95,KRKA d.d.,SEPTABENE
SEPTANAZAL (suaugusiems) 1 mg/50 mg/ml nosies purškalas (tirpalas) 10 ml N1,5.58,KRKA d.d.,SEPTANAZAL
"SEPTANAZAL (vaikams) 0,5 mg/50 mg/ml nosies purškalas (tirpalas) 10 ml N1",4.48,KRKA d.d.,SEPTANAZAL
SINUPRET dengtos tabletės N100,16.53,Bionorica GmbH,SINUPRET
SINUPRET dengtos tabletės N50,8.34,Bionorica GmbH,SINUPRET
SINUPRET Forte dengtos tabletės N20,7.90,Bionorica GmbH,SINUPRET
"SINUPRET geriamieji lašai, tirpalas 100 ml",8.22,Bionorica GmbH,SINUPRET
SINUPRET Intens  160 mg dengtos tabletės N20,10.61,Bionorica GmbH,SINUPRET
"ŠIRDIES DARBĄ GERINANTYS geriamieji lašai, tirpalas 30 ml N1",1.32,"Valentis, UAB",ŠIRDIES
"ŠIRDIES lašai Valentis geriamieji lašai, tirpalas 40 ml N1",1.56,"Valentis, UAB",ŠIRDIES
SMECTA 3 g milteliai geriamajai suspensijai N30,7.45,Beaufour Ipsen,SMECTA
SOLPADEINE 500 mg/8 mg/30 mg tabletės N12,5.23,Omega Pharma,SOLPADEINE
SOLPADEINE 500 mg/8 mg/30 mg tirpinamosios tabletės N12,5.70,Omega Pharma,SOLPADEINE
SOLPADEINE Express 500 mg/65 mg šnypščiosios tabletės N16,4.67,Richard Bittner AG,SOLPADEINE
SPASCUPREEL tabletės N50,6.56,Heel GmbH,SPASCUPREEL
STODAL sirupas 200 ml N1,7.37,Laboratoires Boiron,STODAL
STOPTUSSIN 4 mg/100 mg tabletės N20,3.90,Teva Pharmaceutical Industries,STOPTUSSIN
STOPTUSSIN FYTO sirupas 100 ml N1,5.01,Teva Pharmaceutical Industries,STOPTUSSIN
STREPSILS Honey & Lemon 1.2 mg/0.6 mg kietosios pastilės N24,7.66,Reckitt Benckiser Healthcare,STREPSILS
"STREPSILS Intensive 8,75 mg kietosios pastilės N24",10.50,Reckitt Benckiser Healthcare,STREPSILS
STREPSILS su MENTOLIU ir EUKALIPTU kietosios pastilės N24,7.66,Reckitt Benckiser Healthcare,STREPSILS
STREPSILS Vitamin C  100 mg kietosios pastilės N24,7.66,Reckitt Benckiser Healthcare,STREPSILS
"SUKATŽOLIŲ tinktūra Valentis 1 ml/ml geriamieji lašai, tirpalas 25 ml N1",1.13,"Valentis, UAB",SUKATŽOLIŲ
"TABEX 1,5 mg plėvele dengtos tabletės N100",23.09,Sopharma LTD,TABEX
TANTUM ROSA 500 mg granulės makšties tirpalui N6,14.44,CSC Pharmaceuticals Handels,TANTUM
"TANTUM VERDE 1,5 mg/ml burnos gleivinės purškalas (tirpalas) 30 ml",8.12,CSC Pharmaceuticals Handels,TANTUM
"TANTUM VERDE 1,5 mg/ml burnos gleivinės tirpalas 240 ml",8.12,CSC Pharmaceuticals Handels,TANTUM
TANTUM VERDE 3 mg pastilės N20,7.13,CSC Pharmaceuticals Handels,TANTUM
TANTUM VERDE Forte 3 mg/ml burnos gleivinės purškalas (tirpalas) 15 ml,8.12,CSC Pharmaceuticals Handels,TANTUM
TAVEGYL 1 mg tabletės N20,5.61,Stada Arzneimittel,TAVEGYL
"THERAFLU 500 mg/6,1 mg/100 mg kapsulės N16",5.17,GlaxoSmithKline Consumer Healthcare,THERAFLU
THERAFLU ND 1000 mg/60 mg/30 mg milteliai geriamajam tirpalui N10,7.44,GlaxoSmithKline Consumer Healthcare,THERAFLU
THERAFLU ND 1000 mg/60 mg/30 mg milteliai geriamajam tirpalui N6 (GlaxoSmithKline Cons.Health.),5.40,GlaxoSmithKline Consumer Healthcare,THERAFLU
THERAFLU NT 1000 mg/60 mg/30 mg/4 mg milteliai geriamajam tirpalui N10,7.44,GlaxoSmithKline Consumer Healthcare,THERAFLU
THERAFLU NT 1000 mg/60 mg/30 mg/4 mg milteliai geriamajam tirpalui N6,5.40,GlaxoSmithKline Consumer Healthcare,THERAFLU
THERAFLU SN 500 mg/30 mg milteliai geriamajam tirpalui N10,7.05,GlaxoSmithKline Consumer Healthcare,THERAFLU
THROMBO ASS 100 mg skrandyje neirios tabletės N100,5.28,G.L.Pharma GmbH,THROMBO
THROMBO ASS 50 mg skrandyje neirios tabletės N100,3.51,G.L.Pharma GmbH,THROMBO
THROMBO ASS 75 mg skrandyje neirios tabletės N100,3.93,G.L.Pharma GmbH,THROMBO
TONINGUP tabletės N20,1.94,"Labofarm, IWLF",TONINGUP
TONINGUP tabletės N60,4.82,"Labofarm, IWLF",TONINGUP
TONSILGON N dengtos tabletės N50,8.28,Bionorica GmbH,TONSILGON
"TONSILGON N geriamieji lašai, tirpalas 50 ml N1",8.28,Bionorica GmbH,TONSILGON
TONSILOTREN tab. N40,7.64,Alpen Pharma AG,TONSILOTREN
"TOT'HEMA 50 mg/1,33 mg/0,7 mg/10 ml geriamasis tirpalas 10 ml N20",6.59,Innotech Internacional,TOT'HEMA
TRAUMEEL S tabletės N50,6.56,Heel GmbH,TRAUMEEL
TRAUMEEL S tepalas 50 g N1,9.21,Heel GmbH,TRAUMEEL
"TROPEX 50 mg/ml  ausų lašai, tirpalas 10 ml",7.90,Rowa Pharmaceuticals,TROPEX
TROXEVASIN 20 mg/g  gelis 100 g,11.16,Actavis,TROXEVASIN
TROXEVASIN 20 mg/g  gelis 40 g,6.00,Actavis,TROXEVASIN
TROXEVASIN 300 mg kietosios kapsulės N100,21.10,Actavis,TROXEVASIN
TROXEVASIN 300 mg kietosios kapsulės N50,13.33,Actavis,TROXEVASIN
"UMCKALOR geriamieji lašai, tirpalas 20 ml N1",9.51,Deutsche Homoopathie,UMCKALOR
UPSARIN C 330 mg/200 mg šnypščiosios tabletės N20,6.73,Bristol-Myers Squibb/UPSA,UPSARIN
VALERADIX tab. N90 (but.),6.98,"Labofarm, IWLF",VALERADIX
VALERADIX tabletės N20,2.09,"Labofarm, IWLF",VALERADIX
VALERADIX tabletės N60,5.15,"Labofarm, IWLF",VALERADIX
VALERIJONŲ Tinktūra Valentis (1:5) geriamasis tirpalas 30 ml N1,1.10,"Valentis, UAB",VALERIJONŲ
VALERIJONŲ Tinktūra Valentis (1:5) geriamasis tirpalas 50 ml N1,1.63,"Valentis, UAB",VALERIJONŲ
VELIOS 1000 mg plėvele dengtos tabletės N30,16.83,PharmaSwiss s.r.o.,VELIOS
VENORUTON 1000 mg šnypščiosios tabletės N15,14.41,Stada Arzneimittel,VENORUTON
VENORUTON Forte 500 mg tabletės N30,10.19,Stada Arzneimittel,VENORUTON
"VIBROCIL 2,5 mg/0,25 mg/ml nosies lašai (tirpalas) 15 ml",4.88,GlaxoSmithKline Consumer Healthcare,VIBROCIL
"VIBROCIL 2,5 mg/0,25 mg/ml nosies purškalas (tirpalas) 15 ml",5.29,GlaxoSmithKline Consumer Healthcare,VIBROCIL
"VIDURIŲ lašai Valentis geriamieji lašai, tirpalas 25 ml N1",1.56,"Valentis, UAB",VIDURIŲ
VIPROSAL B tepalas 50 g N1,8.03,Grindeks AS,VIPROSAL
VIPROSAL B tepalas 75 g N1,9.38,Grindeks AS,VIPROSAL
"VOLTAREN Akti 12,5 mg plėvele dengtos tabletės N10",3.12,Novartis,VOLTAREN
VOLTAREN Akti 25 mg kapsulės N10,4.86,Novartis,VOLTAREN
VOLTAREN Aktigo 140 mg vaistinis pleistras N5,11.94,GlaxoSmithKline Consumer Healthcare,VOLTAREN
"VOLTAREN Emulgel 11,6 mg/g gelis 50 g N1",5.59,Novartis,VOLTAREN
"VOLTAREN Emulgel 23,2 mg/g gelis 100 g N1",12.60,Novartis,VOLTAREN
"VOLTAREN Emulgel 23,2 mg/g gelis 150 g N1",17.81,Novartis,VOLTAREN
"VOLTAREN Emulgel 23,2 mg/g gelis 50 g N1",8.12,Novartis,VOLTAREN
WINTROZEN 600 mg šnypščiosios tabletės N10,5.67,"Zentiva, k.s.",WINTROZEN
XYMELINUM 1 mg/ml nosies purškalas (tirpalas) 10 ml,5.54,Orifarm Healthcare A/S,XYMELINUM
YPSILOHEEL N tabletės N50,6.56,Heel GmbH,YPSILOHEEL
ZEEL T tabletės N50,6.56,Heel GmbH,ZEEL
ZEEL T tepalas 50 g N1,9.21,Heel GmbH,ZEEL
ZYRTEC 1 mg/ml geriamasis tirpalas 75 ml,3.84,UCB Pharma SA,ZYRTEC
ZYRTEC 10 mg plėvele dengtos tabletės N10,4.27,UCB Pharma SA,ZYRTEC
