Title_euro,Brand,Category,Price_euro
"METAFENEX, 200mg+500mg, plėvele dengtos tabletės, N10",METAFENEX,Vaistinis preparatas,"4,40"
"FLAVAMED, 15 mg/5 ml, Geriamasis tirpalas, N1",FLAVAMED,Vaistinis preparatas,"4,57"
"IBUSTAR, 400 mg, plėvele dengtos tabletės, N10",IBUSTAR,Vaistinis preparatas,"1,14"
"Mezym 20000 V, Skrandyje neirios tabletės, N20",MEZYM,Vaistinis preparatas,"7,49"
"PERTUSINAS forte, 100 ml, Sirupas, N1",PERTUSINAS,Vaistinis preparatas,"3,51"
"NIQUITIN MINT, 4mg, vaistinė kramtomoji guma, N30",NIQUITIN,Vaistinis preparatas,"8,99"
"Ibustar (vaikams), 20mg/ml, 100 ml ir geriamasis švirkštas, geriamoji suspensija, N1",IBUSTAR,Vaistinis preparatas,"4,50"
"ONYTEC, 80 mg/g, vaistinis nagų lakas, N1",ONYTEC,Vaistinis preparatas,"19,99"
"Magnesium-Diasporal, 295,7mg/5g, granulės geriamajam tirpalui, N50",MAGNESIUM,Vaistinis preparatas,"15,99"
"MAGNESIUM DIASPORAL, 400mg, milteliai geriamajam tirpalui paketėlyje, N20",MAGNESIUM,Vaistinis preparatas,"10,99"
"IBUMETIN, 400 mg, plėvele dengtos tabletės, N20",IBUMETIN,Vaistinis preparatas,"4,28"
"DETRALEX, 500 mg, plėvele dengtos tabletės, N120",DETRALEX,Vaistinis preparatas,"41,99"
"POSAMYK, 78,22 mg/ml, vaistinis nagų lakas, N1",POSAMYK,Vaistinis preparatas,"22,99"
"LIOTON, 100 g, Gelis, N1",LIOTON,Vaistinis preparatas,"19,84"
"UMCKALOR, geriamieji lašai, tirpalas, N1",UMCKALOR,Vaistinis preparatas,"10,86"
"SINUPRET INTENS, 160mg, dengtos tabletės, N20",SINUPRET,Vaistinis preparatas,"10,61"
"BEPANTHEN 30 mg/g su dekspantenoliu, Tepalas, N1",BEPANTHEN,Vaistinis preparatas,"5,76"
"RENNIE, 680 mg / 80 mg, kramtomosios tabletės, N24",RENNIE,Vaistinis preparatas,"3,51"
"Panangin 316 mg/280 mg, plėvele dengtos tabletės, N30",PANANGIN,Vaistinis preparatas,"11,52"
"Prostamol uno, 320mg, Minkštosios kapsulės, N60",PROSTAMOL,Vaistinis preparatas,"29,41"
"PIASCLEDINE, 300mg, kietosios kapsulės, Kietosios kapsulės, N30",PIASCLEDINE,Vaistinis preparatas,"25,41"
"BEOTEBAL, 10 mg, Tabletės, N60",BEOTEBAL,Vaistinis preparatas,"25,99"
"SINUPRET, 100 ml, geriamieji lašai, tirpalas, N1",SINUPRET,Vaistinis preparatas,"8,22"
"FORLAX 10 g, milteliai geriamajam tirpalui paketėlyje, N20",FORLAX,Vaistinis preparatas,"6,59"
"CANEPHRON INTENS, 36mg/36mg/36mg, dengtos tabletės, N30",CANEPHRON,Vaistinis preparatas,"12,74"
"IBUPROFEN SIROMED, 400mg, plėvele dengtos tabletės, N20",SIROMED,Vaistinis preparatas,"4,19"
"ŠIRDIES LAŠAI VALENTIS, 40 ml su lašintuvu, geriamieji lašai, tirpalas, N1",VALENTIS,Vaistinis preparatas,"1,62"
"NEOCITRAMONAS, 240mg+200mg+30mg, Tabletės, N20",NEOCITRAMONAS,Vaistinis preparatas,"3,99"
"PROCTO-GLYVENOL, 400mg/40mg, Žvakutės, N10",PROCTO-GLYVENOL,Vaistinis preparatas,"10,91"
"DECATYLEN, 0,25mg+0,03mg, kietosios pastilės, N40",DECATYLEN,Vaistinis preparatas,"9,65"
"CANESTEN, 500 mg, makšties minkštoji kapsulė, N1",CANESTEN,Vaistinis preparatas,"10,87"
"SOLPADEINE EXPRESS 500 mg/65 mg, Šnypščiosios tabletės, N16",SOLPADEINE,Vaistinis preparatas,"4,49"
"Otrivin, 1mg/ml, 10 ml, nosies purškalas (tirpalas), N1",OTRIVIN,Vaistinis preparatas,"4,88"
"SOLPADEINE, Tabletės, N12",SOLPADEINE,Vaistinis preparatas,"4,76"
"DETRALEX, 500 mg, plėvele dengtos tabletės, N60",DETRALEX,Vaistinis preparatas,"23,99"
"STREPSILS INTENSIVE 8,75mg, kietosios pastilės, N24",STREPSILS,Vaistinis preparatas,"10,36"
"ELEVIT PRONATAL, plėvele dengtos tabletės, N30",ELEVIT,Vaistinis preparatas,"12,59"
"ASPIRIN CARDIO, 100 mg, Skrandyje neirios tabletės, N98",ASPIRIN,Vaistinis preparatas,"6,93"
"Paracetamolis SANITAS, 500mg, Tabletės, N20",KITA,Vaistinis preparatas,"2,95"
"OKTISEPTAS, 250 ml, odos tirpalas, N1",OKTISEPTAS,Vaistinis preparatas,"9,68"
"SINUPRET FORTE, dengtos tabletės, N20",SINUPRET,Vaistinis preparatas,"8,05"
"Septabene 3 mg/1 mg, kietosios pastilės, N16",SEPTABENE,Vaistinis preparatas,"6,95"
"Tonsilgon N, 50 ml, geriamieji lašai, tirpalas, N1",TONSILGON,Vaistinis preparatas,"8,28"
"GRIPEX, 500mg/30mg/15mg, plėvele dengtos tabletės, N10",GRIPEX,Vaistinis preparatas,"5,00"
"Lymphomyosot, 30 ml ir aplikatorius su lašintuvu, geriamieji lašai, tirpalas, N1",LYMPHOMYOSOT,Vaistinis preparatas,"7,83"
"BEPANTHEN PLUS, 50 mg/5 mg/g, 30 g, Kremas, N1",BEPANTHEN,Vaistinis preparatas,"6,19"
"Rehydron Optim, 10,7 g, milteliai geriamajam tirpalui, N20",KITA,Vaistinis preparatas,"21,67"
"CARSIL, 110 mg, Kietosios kapsulės, N30",CARSIL,Vaistinis preparatas,"7,99"
"OKTISEPTAS, 50 ml, odos tirpalas, N1",OKTISEPTAS,Vaistinis preparatas,"6,10"
"DENTINOX, 10 g, burnos gleivinės gelis, N1",KITA,Vaistinis preparatas,"6,78"
"TAVEGYL, Tabletės, N20",TAVEGYL,Vaistinis preparatas,"5,61"
"SMECTA 3 g, milteliai geriamajai suspensijai, N30",SMECTA,Vaistinis preparatas,"7,45"
"INOVOX MENTHOL, 2 mg / 0,6 mg / 1,2 mg, kietosios pastilės, N24",INOVOX,Vaistinis preparatas,"6,26"
"VALERIJONŲ TINKTŪRA VALENTIS, 1ml/ml, 50 ml, Geriamasis tirpalas, N1",VALENTIS,Vaistinis preparatas,"1,63"
"GALAZOLIN, 10 ml, nosies lašai, tirpalas, N1",GALAZOLIN,Vaistinis preparatas,"2,47"
"NALGESIN S, 275mg, plėvele dengtos tabletės, N20",NALGESIN,Vaistinis preparatas,"4,80"
"NICORETTE COOLMINT, 1mg/išpurškime, burnos gleivinės purškalas, N1",NICORETTE,Vaistinis preparatas,"23,31"
"GRIPEX THERMAL, 1000mg+100mg+12,2mg, milteliai geriamajam tirpalui, N8",GRIPEX,Vaistinis preparatas,"7,20"
"SEPTABENE citrinų ir medaus skonio, 3 mg/1 mg, kietosios pastilės, N16",SEPTABENE,Vaistinis preparatas,"3,99"
"SOLPADEINE, 500 mg + 8 mg + 30 mg, tirpinamosios tabletės, N12",SOLPADEINE,Vaistinis preparatas,"5,08"
"Canifug Cremolum, 200mg, Ovulės, N3",CANIFUG,Vaistinis preparatas,"9,72"
"Strepsils Honey & Lemon 1,2 mg/0,6 mg, kietosios pastilės, N24",STREPSILS,Vaistinis preparatas,"8,49"
"Jox, 85mg+1mg/ml, 30 ml, burnos gleivinės, gerklų ir ryklės purškalas, N1",JOX,Vaistinis preparatas,"7,38"
"Gripex, plėvele dengtos tabletės, N24",GRIPEX,Vaistinis preparatas,"7,79"
"PERTUSINAS, 100 ml, Sirupas, N1",PERTUSINAS,Vaistinis preparatas,"2,96"
"IBUSTAR 40mg/ml, 100 ml ir geriamasis švirkštas, geriamoji suspensija, N1",IBUSTAR,Vaistinis preparatas,"7,49"
"PERTUSINAS sirupas, vaikams , 1 ml/5 ml, Sirupas, N1",PERTUSINAS,Vaistinis preparatas,"4,05"
"Apap (vaikams), 250mg, Granulės, N10",APAP,Vaistinis preparatas,"4,99"
"Tonsilgon N, dengtos tabletės, N50",TONSILGON,Vaistinis preparatas,"8,28"
"Loratin express, 10mg, Tabletės, N10",LORATIN,Vaistinis preparatas,"4,31"
"BEOTEBAL, 10 mg, Tabletės, N30",BEOTEBAL,Vaistinis preparatas,"16,39"
"GASTOZYM 10000 V, Skrandyje neirios tabletės, N10",GASTOZYM,Vaistinis preparatas,"2,20"
"IBUGARD 200mg/5ml, geriamoji suspensija, N1",IBUGARD,Vaistinis preparatas,"6,88"
"ŠIRDIES DARBĄ GERINANTYS LAŠAI VALENTIS, 30 ml, geriamieji lašai, tirpalas, N1",VALENTIS,Vaistinis preparatas,"1,32"
"SILYMARIN SIROMED, 150mg, plėvele dengtos tabletės, N30",SIROMED,Vaistinis preparatas,"6,17"
"milgamma N, 40mg+90mg+250µg, Minkštosios kapsulės, N20",MILGAMMA,Vaistinis preparatas,"5,31"
"PROCTO-GLYVENOL 50 mg + 20 mg/g, tiesiosios žarnos kremas, N1",PROCTO-GLYVENOL,Vaistinis preparatas,"10,91"
"GRIPEX THERMAL, 650mg+50mg+10mg, milteliai geriamajam tirpalui, N8",GRIPEX,Vaistinis preparatas,"2,99"
"RADIREX, Tabletės, N10",KITA,Vaistinis preparatas,"4,04"
"Brontex, 15mg/5ml, 100 ml ir matavimo taurelė, Sirupas, N1",BRONTEX,Vaistinis preparatas,"3,93"
"IBUMETIN, 400 mg, plėvele dengtos tabletės, N10",IBUMETIN,Vaistinis preparatas,"2,99"
"Daleron COLD3, plėvele dengtos tabletės, N12",DALERON,Vaistinis preparatas,"4,79"
"COLDREX HOTREM LEMON, milteliai geriamajam tirpalui, N10",COLDREX,Vaistinis preparatas,"6,78"
"IBUPROM, 200mg, dengtos tabletės, N20",IBUPROM,Vaistinis preparatas,"4,17"
"DECATYLEN, 0,25mg+0,03mg, kietosios pastilės, N20",DECATYLEN,Vaistinis preparatas,"6,69"
"Salicilo rūgštis 1 %, 10mg/ml, 80 ml, odos tirpalas, N1",KITA,Vaistinis preparatas,"1,03"
"UPSARIN C 330 mg/200 mg, Šnypščiosios tabletės, N20",UPSARIN,Vaistinis preparatas,"6,82"
"SMECTA 3 g., milteliai geriamajai suspensijai, N10",SMECTA,Vaistinis preparatas,"4,55"
"KREON 10000V 150mg, 8000V+10000V+600V, skrandyje neirios kietos kapsulės, N20",KREON,Vaistinis preparatas,"5,18"
"OLFEN, 140 mg, vaistinis pleistras, N10",OLFEN,Vaistinis preparatas,"21,68"
"GUDOBELIŲ SKYSTASIS EKSTRAKTAS VALENTIS, 25 ml su lašintuvu, geriamieji lašai, tirpalas, N1",VALENTIS,Vaistinis preparatas,"1,94"
"GRIPEX, 500mg/30mg/15mg, plėvele dengtos tabletės, N20",GRIPEX,Vaistinis preparatas,"7,50"
"POTASSIUM IODIDE G.L. PHARMA, 65 mg, Tabletės, N20",POTASSIUM,Vaistinis preparatas,"12,59"
"HEMOROL, Žvakutės, N12",KITA,Vaistinis preparatas,"7,15"
"EXODERIL kremas, 30 g, Kremas, N1",EXODERIL,Vaistinis preparatas,"11,23"
"ACIC, 2 g, Kremas, N1",ACIC,Vaistinis preparatas,"5,09"
"OPEXA, 20mg, Tabletės, N10",OPEXA,Vaistinis preparatas,"5,09"
"VIDURIŲ LAŠAI VALENTIS, 25 ml su lašintuvu, geriamieji lašai, tirpalas, N1",KITA,Vaistinis preparatas,"1,72"
"Prostamol uno, 320mg, Minkštosios kapsulės, N30",PROSTAMOL,Vaistinis preparatas,"14,92"
"LIOTON 1000, 50 g, Gelis, N1",LIOTON,Vaistinis preparatas,"10,44"
"TOT'HEMA, 50mg+1,33mg+0,7mg/10ml, Geriamasis tirpalas, N20",TOT'HEMA,Vaistinis preparatas,"7,26"
"PIRANTELIS Polpharma 250 mg/5 ml geriamoji suspensija, 15ml, geriamoji suspensija, N1",PIRANTELIS,Vaistinis preparatas,"4,66"
"ACC, 200mg, Šnypščiosios tabletės, N20",ACC,Vaistinis preparatas,"5,23"
"Aceterin express, 10mg, plėvele dengtos tabletės, N10",ACETERIN,Vaistinis preparatas,"4,05"
"Prospan, 100 ml ir dozavimo taurelė, Sirupas, N1",PROSPAN,Vaistinis preparatas,"7,08"
"NUROFEN FORTE EXPRESS, 400mg, dengtos tabletės, N12",NUROFEN,Vaistinis preparatas,"4,47"
"MOMETASONE TEVA, 50µg/dozėje, 60 dozių, nosies purškalas, suspensija, N1",MOMETASONE,Vaistinis preparatas,"7,11"
"TONSILOTREN, Tabletės, N40",TONSILOTREN,Vaistinis preparatas,"7,64"
"INOVOX ORANGE, 2 mg / 0,6 mg / 1,2 mg, kietosios pastilės, N24",INOVOX,Vaistinis preparatas,"6,29"
"BEPANTHEN 50 mg/g su dekspantenoliu, Kremas, N1",BEPANTHEN,Vaistinis preparatas,"5,19"
"RAMEVAL, 50 ml su lašintuvu, geriamieji lašai, tirpalas, N1",RAMEVAL,Vaistinis preparatas,"1,85"
"Strepsils Intensive, 8,75mg, kietosios pastilės, N16",STREPSILS,Vaistinis preparatas,"7,89"
"IBUMETIN, 200 mg, plėvele dengtos tabletės, N10",IBUMETIN,Vaistinis preparatas,"2,56"
"VELIOS, 1000mg, plėvele dengtos tabletės, N30",VELIOS,Vaistinis preparatas,"16,83"
"AMBROXOL SIROMED, 30mg, Tabletės, N20",SIROMED,Vaistinis preparatas,"3,34"
"ASPIRIN-C, 400 mg/240 mg, Šnypščiosios tabletės, N10",ASPIRIN,Vaistinis preparatas,"5,17"
"SINZYL, 0,1%, nosies purškalas (tirpalas), N1",SINZYL,Vaistinis preparatas,"5,19"
"NEUREXAN, 0,6mg+0,6mg+0,6mg+0,6mg, Tabletės, N50",NEUREXAN,Vaistinis preparatas,"6,85"
"UMCKALOR, plėvele dengtos tabletės, N15",UMCKALOR,Vaistinis preparatas,"10,86"
"CANESTEN, 10 mg/g, Kremas, N1",CANESTEN,Vaistinis preparatas,"4,80"
"INOVOX HONEY LEMON, 2mg/0,6mg/1,2mg, kietosios pastilės, N24",INOVOX,Vaistinis preparatas,"3,99"
"COLDREX MAXGRIP LEMON, 1000mg+10mg+40mg, milteliai geriamajam tirpalui, N10",COLDREX,Vaistinis preparatas,"6,99"
"Gripex, plėvele dengtos tabletės, N12",GRIPEX,Vaistinis preparatas,"4,99"
"GLUCOSAMIN-RATIOPHARM, 1,5g, milteliai geriamajam tirpalui, N20",GLUCOSAMIN-RATIOPHARM,Vaistinis preparatas,"10,19"
"PAXELADINE, 2mg/ml, 100 ml, Sirupas, N1",PAXELADINE,Vaistinis preparatas,"5,69"
"Strepsils Menthol & Eucalyptus 1,2 mg/0,6 mg/8 mg, kietosios pastilės, N24",STREPSILS,Vaistinis preparatas,"7,68"
"APAP, 500mg, plėvele dengtos tabletės, N24",APAP,Vaistinis preparatas,"3,49"
"SUMATRIPTAN ACTAVIS, 50mg, dengtos tabletės, N2",SUMATRIPTAN,Vaistinis preparatas,"3,86"
"GUDOBELIŲ TINKTŪRA VALENTIS, 80 ml, su lašintuvu, geriamieji lašai, tirpalas, N1",VALENTIS,Vaistinis preparatas,"1,75"
"LOPERAMIDUM WZF POLFA, Tabletės, N10",LOPERAMIDUM,Vaistinis preparatas,"3,63"
"ZYRTEC, 10mg, plėvele dengtos tabletės, N10",ZYRTEC,Vaistinis preparatas,"4,41"
"SUKATŽOLIŲ TINKTŪRA VALENTIS, 25 ml su lašintuvu, geriamieji lašai, tirpalas, N1",KITA,Vaistinis preparatas,"1,49"
"STODAL, 200 ml, Sirupas, N1",STODAL,Vaistinis preparatas,"6,29"
"Bronchipret TI, 150mg+15mg/g, 100 ml ir dozavimo taurelė, Geriamasis tirpalas, N1",BRONCHIPRET,Vaistinis preparatas,"7,24"
"LILANDOR 80 mg, minkštosios kapsulės, Minkštosios kapsulės, N28",LILANDOR,Vaistinis preparatas,"12,18"
"PARACETAMOL ZENTIVA, 500mg, 20 tablečių, Tabletės, N20",PARACETAMOL,Vaistinis preparatas,"1,72"
"ASPIRIN CARDIO, 100 mg, Skrandyje neirios tabletės, N28",ASPIRIN,Vaistinis preparatas,"3,00"
"POTASSIUM IODIDE G.L. PHARMA, 65mg, Tabletės, N10",POTASSIUM,Vaistinis preparatas,"6,33"
"HESIO, 450mg+50mg, plėvele dengtos tabletės, N120",HESIO,Vaistinis preparatas,"29,22"
"RHINO-STAS, 1mg/ml, 10 ml, nosies purškalas (tirpalas), N1",RHINO-STAS,Vaistinis preparatas,"4,34"
"COLDREX, Tabletės, N24",COLDREX,Vaistinis preparatas,"7,41"
"DIOSMECTITE SIROMED 3 g, milteliai geriamajai suspensijai, N10",SIROMED,Vaistinis preparatas,"3,98"
"EFFERALGAN, 80 mg, Žvakutės, N10",EFFERALGAN,Vaistinis preparatas,"3,69"
"EXODERIL, 20 ml, odos tirpalas, N1",EXODERIL,Vaistinis preparatas,"11,90"
"BENZOTAL 200 mg/ g, 30 g, Tepalas, N1",KITA,Vaistinis preparatas,"11,69"
"IBUPROFEN SIROMED, 400mg, plėvele dengtos tabletės, N10",SIROMED,Vaistinis preparatas,"2,99"
"VENORUTON, 1000 mg, Šnypščiosios tabletės, N15",VENORUTON,Vaistinis preparatas,"13,80"
"Otrinazil 1 mg/50 mg/ml nosies purškalas (tirpalas), nosies purškalas (tirpalas), N1",OTRIVIN,Vaistinis preparatas,"5,29"
"AFLUBIN, 50 ml, geriamieji lašai, tirpalas, N1",AFLUBIN,Vaistinis preparatas,"10,29"
"FURASOL, 100mg+900mg, 1 g, gargalas, milteliai tirpalui, N5",FURASOL,Vaistinis preparatas,"6,87"
"VISINE, 0,5mg/ml, akių lašai, tirpalas, N1",VISINE,Vaistinis preparatas,"7,24"
"AVODELE, 1,5 mg tabletės, Tabletės, N1",AVODELE,Vaistinis preparatas,"12,06"
"FERVEX, granulės geriamajam tirpalui, N8",FERVEX,Vaistinis preparatas,"7,35"
"Menovazinas N, 40 ml, odos tirpalas, N1",KITA,Vaistinis preparatas,"1,97"
"LILANDOR 80 mg, minkštosios kapsulės, Minkštosios kapsulės, N14",LILANDOR,Vaistinis preparatas,"7,08"
"GRIPEX THERMAL, 1000mg/100mg/12,2mg, milteliai geriamajam tirpalui, N12",GRIPEX,Vaistinis preparatas,"8,67"
"ACICLOVIR SIROMED, 2 g, Kremas, N1",SIROMED,Vaistinis preparatas,"3,83"
"SINZYL, 0,05%, nosies purškalas (tirpalas), N1",SINZYL,Vaistinis preparatas,"4,69"
"EXODERIL, 15 g, Kremas, N1",EXODERIL,Vaistinis preparatas,"7,62"
"EUPHORBIUM COMPOSITUM S, 20 ml, nosies purškalas (tirpalas), N1",EUPHORBIUM,Vaistinis preparatas,"7,14"
"LOMEXIN, 2g/100ml, 30ml, odos purškalas, tirpalas, N1",LOMEXIN,Vaistinis preparatas,"10,72"
"Prospan, 65mg, Šnypščiosios tabletės, N10",PROSPAN,Vaistinis preparatas,"6,21"
"ELLAONE, 30mg, plėvele dengtos tabletės, N1",ELLAONE,Vaistinis preparatas,"18,21"
"Permethrin LMP, 40mg/g, 40 g, Tepalas, N1",KITA,Vaistinis preparatas,"8,86"
"ACC, 3 g, 200 mg, milteliai geriamajam tirpalui, N20",ACC,Vaistinis preparatas,"5,09"
"IBUPROM, 200mg, dengtos tabletės, N10",IBUPROM,Vaistinis preparatas,"2,60"
"ASPIRIN, 500 mg, Tabletės, N20",ASPIRIN,Vaistinis preparatas,"3,65"
"Nux vomica-Homaccord, 30 ml ir aplikatorius su lašintuvu, geriamieji lašai, tirpalas, N1",NUX,Vaistinis preparatas,"7,83"
"Dr. Theiss Husticum, 50 mg/g, 100 ml, Sirupas, N1",DR.,Vaistinis preparatas,"4,27"
"TEMPIER 500 mg/30 mg/15 mg milteliai geriamajam tirpalui, milteliai geriamajam tirpalui, N6",TEMPIER,Vaistinis preparatas,"4,31"
"IBUGARD, 60 mg, Žvakutės, N10",IBUGARD,Vaistinis preparatas,"3,96"
"BISACODYL MEDA, 5mg, dengtos tabletės, N30",KITA,Vaistinis preparatas,"3,65"
"Fluditec, 20mg/ml, 125 ml ir taurelė, Sirupas, N1",FLUDITEC,Vaistinis preparatas,"4,43"
"EFFERALGAN  geriamasis tirpalas vaikams, 90 ml, Geriamasis tirpalas, N1",EFFERALGAN,Vaistinis preparatas,"5,00"
"LECROLYN, 40mg/ml, 5 ml, akių lašai, tirpalas, N1",LECROLYN,Vaistinis preparatas,"6,81"
"OLFEN, 140 mg, vaistinis pleistras, N5",OLFEN,Vaistinis preparatas,"13,09"
"Salicilo rūgštis 1%, 10mg/ml, 40 ml, odos tirpalas, N1",KITA,Vaistinis preparatas,"0,70"
"ACC, 20 mg/ml, 100 ml, Geriamasis tirpalas, N1",ACC,Vaistinis preparatas,"5,25"
"GINKOBIL, 120 mg, Kietosios kapsulės, N40",GINKOBIL,Vaistinis preparatas,"11,77"
"IBUGARD 100 mg/5 ml geriamoji suspensija, geriamoji suspensija, N1",IBUGARD,Vaistinis preparatas,"3,96"
"ASPIRIN, 500 mg, Tabletės, N100",ASPIRIN,Vaistinis preparatas,"10,24"
"Herbion, 7mg/ml, 150 ml, Sirupas, N1",HERBION,Vaistinis preparatas,"4,48"
"Voltaren Akti, 25mg, Minkštosios kapsulės, N10",VOLTAREN,Vaistinis preparatas,"5,38"
"Nalgesin S, 275mg, plėvele dengtos tabletės, N10",NALGESIN,Vaistinis preparatas,"4,05"
"Flavamed, 30mg/5ml, 100 ml ir matavimo šaukšas, Geriamasis tirpalas, N1",FLAVAMED,Vaistinis preparatas,"4,83"
"NEUROMED, 50 ml, geriamieji lašai, tirpalas, N1",NEUROMED,Vaistinis preparatas,"2,95"
"NUROFEN FORTE, 400mg, dengtos tabletės, N12",NUROFEN,Vaistinis preparatas,"3,59"
"KETOCONAZOL-RATIOPHARM, 120 ml, Šampūnas, N1",KETOCONAZOL-RATIOPHARM,Vaistinis preparatas,"12,25"
"STOPTUSSIN, 4mg/100mg, Tabletės, N20",STOPTUSSIN,Vaistinis preparatas,"3,69"
"GRIPPOSTAD C, 200 mg + 150 mg + 25 mg + 2,5 mg, Kietosios kapsulės, N24",GRIPPOSTAD,Vaistinis preparatas,"5,01"
"FENKAROL, Tabletės, N20",KITA,Vaistinis preparatas,"5,90"
"MEDETKŲ TINKTŪRA VALENTIS, 40 ml, odos tirpalas ar koncentratas burnos gleivinės tirpalui, N1",VALENTIS,Vaistinis preparatas,"1,36"
"APAP, plėvele dengtos tabletės, N12",APAP,Vaistinis preparatas,"1,99"
"IBUMAX, 400mg, plėvele dengtos tabletės, N20",IBUMAX,Vaistinis preparatas,"3,50"
"FERVEX vaikams, granulės geriamajam tirpalui, N8",FERVEX,Vaistinis preparatas,"7,35"
"Forlax, milteliai geriamajam tirpalui paketėlyje, N10",FORLAX,Vaistinis preparatas,"3,89"
"MĖTŲ TINKTŪRA VALENTIS, 25 ml, geriamieji lašai, tirpalas, N1",KITA,Vaistinis preparatas,"1,68"
"IBUGARD, 125 mg, Žvakutės, N10",IBUGARD,Vaistinis preparatas,"3,96"
"STREPSILS Vitamin C, 1,2mg/0,6mg/100mg, kietosios pastilės, N24",STREPSILS,Vaistinis preparatas,"7,68"
"GALANAS 1 mg/50 mg/ml, nosies purškalas, tirpalas, N1",GALANAS,Vaistinis preparatas,"5,26"
"DENTOKIND, Tabletės, N150",DENTOKIND,Vaistinis preparatas,"10,01"
"NEOASKOFENAS 200 mg/200 mg/40 mg, Tabletės, N20",NEOASKOFENAS,Vaistinis preparatas,"3,72"
"HYDROCORTISON TAKEDA, Gelis, N1",HYDROCORTISON,Vaistinis preparatas,"6,55"
"HOMEOVOX, dengtos tabletės, N60",HOMEOVOX,Vaistinis preparatas,"6,34"
"DELUFEN, 20 ml, nosies purškalas (tirpalas), N1",DELUFEN,Vaistinis preparatas,"7,19"
"RAPHACHOLIN, dengtos tabletės, N30",KITA,Vaistinis preparatas,"6,33"
"AMBROXOL SIROMED, 3mg/ml, Sirupas, N1",SIROMED,Vaistinis preparatas,"4,08"
"EXODERIL, 10 ml, su lašintuvu, odos tirpalas, N1",EXODERIL,Vaistinis preparatas,"7,37"
"Regulax Picosulphate, 20 ml, geriamieji lašai, tirpalas, N1",KITA,Vaistinis preparatas,"3,84"
"THROMBO ASS, 100mg, Skrandyje neirios tabletės, N100",THROMBO,Vaistinis preparatas,"5,28"
"MIALDEX, 25 mg, plėvele dengtos tabletės, N10",KITA,Vaistinis preparatas,"2,95"
"DIOSMIN SIROMED, 500mg, plėvele dengtos tabletės, N60",SIROMED,Vaistinis preparatas,"19,31"
"EFFERALGAN, 150mg, Žvakutės, N10",EFFERALGAN,Vaistinis preparatas,"4,09"
"HESIO, 450mg+50mg, plėvele dengtos tabletės, N60",HESIO,Vaistinis preparatas,"17,99"
"IMMUNOKIND, Tabletės, N150",DHU,Vaistinis preparatas,"10,01"
"Betadine, 100mg/ml, 30 ml, odos tirpalas, N1",BETADINE,Vaistinis preparatas,"4,82"
"BETADINE, 100 mg/ml, 125 ml, odos tirpalas, N1",BETADINE,Vaistinis preparatas,"8,10"
"Brontex 60 mg šnypščiosios tabletės, Šnypščiosios tabletės, N10",BRONTEX,Vaistinis preparatas,"3,95"
"COLDREX HotRem LEMON 750mg+10mg+60mg, milteliai geriamajam tirpalui, N5",COLDREX,Vaistinis preparatas,"4,44"
"Allergodil, 10 ml su purkštuku, 1ml/mg, nosies purškalas (tirpalas), N1",ALLERGODIL,Vaistinis preparatas,"7,72"
"DENTOSEPT, 100 g, burnos gleivinės tirpalas, N1",DENTOSEPT,Vaistinis preparatas,"2,99"
"COLDREX, Tabletės, N12",COLDREX,Vaistinis preparatas,"4,82"
"SENŲ LAPAI ŠVF, 2 g, vaistažolių arbata, N24",ŠVF,Vaistinis preparatas,"2,29"
"VALERIJONŲ TINKTŪRA  VALENTIS, 1 ml / ml, 30 ml, Geriamasis tirpalas, N1",KITA,Vaistinis preparatas,"1,10"
"GRIVIX, 30 g, Gelis, N1",GRIVIX,Vaistinis preparatas,"5,32"
"POSTINOR, 1500µg, burnoje disperguojama tabletė, N1",POSTINOR,Vaistinis preparatas,"16,18"
"DORMIKIND, Tabletės, N150",DHU,Vaistinis preparatas,"10,01"
"GYNACO-HEEL + aplikatorius su lašintuvu, 30 ml, geriamieji lašai, tirpalas, N1",HEEL,Vaistinis preparatas,"7,21"
"TROXEVASIN, 300 mg, Kietosios kapsulės, N50",TROXEVASIN,Vaistinis preparatas,"14,03"
"Herbion, kietosios pastilės, N16",HERBION,Vaistinis preparatas,"4,72"
"Betadine 100 mg/g tepalas, 30 g, Tepalas, N1",BETADINE,Vaistinis preparatas,"6,66"
"EFFERALGAN, Šnypščiosios tabletės, N16",EFFERALGAN,Vaistinis preparatas,"3,89"
"Prospan 26 mg, kietosios pastilės, N20",PROSPAN,Vaistinis preparatas,"6,69"
"OLFEN, 140 mg, vaistinis pleistras, N2",OLFEN,Vaistinis preparatas,"7,94"
"Hedelix s.a., 50 ml su lašintuvu, geriamieji lašai, tirpalas, N1",HEDELIX,Vaistinis preparatas,"5,08"
"PHARMATEX, 12mg/g, 72 g tūbelė ir aplikatorius, makšties kremas, N1",PHARMATEX,Vaistinis preparatas,"11,18"
"NUROFLEX, 200 mg, vaistinis pleistras, N2",NUROFLEX,Vaistinis preparatas,"8,57"
"RESPIFORTIN, 600 mg, Šnypščiosios tabletės, N10",RESPIFORTIN,Vaistinis preparatas,"5,45"
"EMOX, 55 g, Gelis, N1",EMOX,Vaistinis preparatas,"5,54"
"GASTROVAL, 25ml, geriamieji lašai, tirpalas, N1",GASTROVAL,Vaistinis preparatas,"2,63"
"Rennie Orange 680 mg/80 mg, kramtomosios tabletės, N24",RENNIE,Vaistinis preparatas,"3,65"
"AFLUBIN, 20 ml, geriamieji lašai, tirpalas, N1",AFLUBIN,Vaistinis preparatas,"5,75"
"OLFEN, 1%, 50 g, Gelis, N1",OLFEN,Vaistinis preparatas,"5,63"
"EFFERALGAN C 330 mg/200 mg, Šnypščiosios tabletės, N20",EFFERALGAN,Vaistinis preparatas,"4,72"
"OLFEN, 1 %, 100 g, Gelis, N1",OLFEN,Vaistinis preparatas,"8,68"
"COLDREX MAXGRIP LEMON 1000mg/10mg/40mg, milteliai geriamajam tirpalui, N5",COLDREX,Vaistinis preparatas,"4,20"
"DUPHALAC, 200 ml, Geriamasis tirpalas, N1",DUPHALAC,Vaistinis preparatas,"5,59"
"NIQUITIN MINT, 2 mg, vaistinė kramtomoji guma, N30",NIQUITIN,Vaistinis preparatas,"8,99"
"Phosphor-Homaccord, 30 ml ir aplikatorius su lašintuvu, geriamieji lašai, tirpalas, N1",PHOSPHOR,Vaistinis preparatas,"7,83"
"Prospan 35 mg/5 ml geriamasis tirpalas, Geriamasis tirpalas, N21",PROSPAN,Vaistinis preparatas,"9,10"
"HESIO, 450mg+50mg, plėvele dengtos tabletės, N30",HESIO,Vaistinis preparatas,"8,89"
"DIOSMIN SIROMED, 500mg, plėvele dengtos tabletės, N30",SIROMED,Vaistinis preparatas,"10,58"
"BETADINE, 100 mg/ml, 30 ml, odos tirpalas, N1",BETADINE,Vaistinis preparatas,"4,82"
"Fluditec, 50mg/ml, 125 ml ir taurelė, Sirupas, N1",FLUDITEC,Vaistinis preparatas,"4,66"
"Finoten 40 mg/10 mg/g ausų lašai (tirpalas), 15 ml, ausų lašai, tirpalas, N1",FINOTEN,Vaistinis preparatas,"3,35"
"THROMBO ASS, 50mg, Skrandyje neirios tabletės, N100",THROMBO,Vaistinis preparatas,"3,51"
"ROSACTA, 100mg/g, Kremas, N1",ROSACTA,Vaistinis preparatas,"9,53"
"WINTROZEN, 600mg, Šnypščiosios tabletės, N10",WINTROZEN,Vaistinis preparatas,"5,84"
"RECREOL 50 mg/g, Kremas, N1",RECREOL,Vaistinis preparatas,"5,94"
"ALIFLUSIN 500 mg/200 mg/4 mg, Šnypščiosios tabletės, N20",ALIFLUSIN,Vaistinis preparatas,"9,72"
"IMODIUM INSTANT 2 mg, burnoje disperguojamos tabletės, N6",IMODIUM,Vaistinis preparatas,"5,30"
"SENEBACTUM, 100 mg/ml, 1000 ml, odos tirpalas, N1",SENEBACTUM,Vaistinis preparatas,"18,74"
"LABELLA, 1,5 mg, Tabletės, N1",LABELLA,Vaistinis preparatas,"13,19"
"ODIFLAN, 20 mg/g, 100 g, Gelis, N1",ODIFLAN,Vaistinis preparatas,"10,51"
"PARAMAX RAPID, 500mg, Tabletės, N20",PARAMAX,Vaistinis preparatas,"2,41"
"OFTAGEL, 2,5mg/g, 10 g, akių gelis, N1",OFTAGEL,Vaistinis preparatas,"5,80"
"ZEEL T, 50 g, Tepalas, N1",ZEEL,Vaistinis preparatas,"9,21"
"ADOBIL, 500 mg/150 mg, plėvele dengtos tabletės, N10",ADOBIL,Vaistinis preparatas,"3,51"
"Allergodil, 0,05 % , 6 ml su lašintuvu, akių lašai, tirpalas, N1",ALLERGODIL,Vaistinis preparatas,"7,72"
"KETOCONAZOL-RATIOPHARMl, 60 ml, Šampūnas, N1",KETOCONAZOL-RATIOPHARM,Vaistinis preparatas,"8,16"
"Acetylsalicylic Acid Siromed 100 mg, Skrandyje neirios tabletės, N84",SIROMED,Vaistinis preparatas,"7,88"
"HIDRASEC, 100 mg, Kietosios kapsulės, N10",HIDRASEC,Vaistinis preparatas,"9,09"
"TROXEVASIN, Kietosios kapsulės, N100",TROXEVASIN,Vaistinis preparatas,"21,81"
"ALIFLUSIN 500 mg/200 mg/4 mg, Šnypščiosios tabletės, N10",ALIFLUSIN,Vaistinis preparatas,"5,68"
"HerzASS-ratiopharm 100 mg tabletės, Tabletės, N100",KITA,Vaistinis preparatas,"4,26"
"EUCARBON herbal, Tabletės, N30",KITA,Vaistinis preparatas,"7,45"
"SENEBACTUM, 100mg/ml, 100 ml, odos tirpalas, N1",SENEBACTUM,Vaistinis preparatas,"5,72"
"FREST, 1mg/g, Gelis, N1",FREST,Vaistinis preparatas,"5,08"
"SENEBACTUM, 100mg/ml, 30ml, odos tirpalas, N1",SENEBACTUM,Vaistinis preparatas,"3,42"
"ODIFLAN, 20 mg/g, 50 g, Gelis, N1",ODIFLAN,Vaistinis preparatas,"6,79"
"Acetylsalicylic Acid Siromed 100 mg, Skrandyje neirios tabletės, N30",SIROMED,Vaistinis preparatas,"3,33"
"ISLA MEDIC ACUTE, citrusų-medaus skonio, nuo 6 m., 20 pastilių",ISLA,Vaistinis preparatas,"5,14"
"Betadine, 100mg/g, 20 g, Tepalas, N1",BETADINE,Vaistinis preparatas,"5,21"
"Valeradix, Tabletės, N20",VALERADIX,Vaistinis preparatas,"2,20"
"Septanazal 1 mg/50 mg/ml, suaugusiesiems, nosies purškalas (tirpalas), N1",SEPTANAZAL,Vaistinis preparatas,"3,91"
"NO-SPA, 40 mg, plėvele dengtos tabletės, N24",NO-SPA,Vaistinis preparatas,"5,27"
"GRIPEX THERMAL, 300/20/5 mg, milteliai geriamajam tirpalui, N12",GRIPEX,Vaistinis preparatas,"7,45"
"OSCILLOCOCCINUM, piliulės, vienadozė talpyklė, N30",OSCILLOCOCCINUM,Vaistinis preparatas,"25,42"
"FERVEX suaugusiems, be cukraus, granulės geriamajam tirpalui, N8",FERVEX,Vaistinis preparatas,"7,89"
"VIPROSAL B, 50 g, Tepalas, N1",VIPROSAL,Vaistinis preparatas,"7,83"
"Theraflu 500 mg/6,1 mg/100 mg kietosios kapsulės, Kietosios kapsulės, N16",THERAFLU,Vaistinis preparatas,"5,72"
"YPSILO-HEEL N, Tabletės, N50",HEEL,Vaistinis preparatas,"6,56"
"CHELIDONIUM-HOMACCORD N, 30 ml, geriamieji lašai, tirpalas, N1",CHELIDONIUM-HOMACCORD,Vaistinis preparatas,"7,20"
"DUPHALAC, 200 ml, Geriamasis tirpalas, N1",DUPHALAC,Vaistinis preparatas,"5,59"
"VOLTAREN EMULGEL, 23,2 mg/g, 150 g, Gelis, N1",VOLTAREN,Vaistinis preparatas,"17,56"
"Kalio permanganatas Valentis, 10 g, milteliai odos tirpalui, N1",VALENTIS,Vaistinis preparatas,"1,56"
"KALIO PERMANGANATAS VALENTIS, 5 g, milteliai odos tirpalui, N1",VALENTIS,Vaistinis preparatas,"1,49"
"TANTUM VERDE forte 3 mg/ml (tirpalas), burnos gleivinės purškalas (tirpalas), N1",TANTUM,Vaistinis preparatas,"8,91"
"Septabene citrinų ir šeivamedžio skonio 3 mg/1 mg, kietosios pastilės, N16",SEPTABENE,Vaistinis preparatas,"3,99"
"TANTUM VERDE, 3 mg, kietosios pastilės, N20",TANTUM,Vaistinis preparatas,"7,79"
"DR. THEISS ECHINACEA FORTE, geriamieji lašai, tirpalas, N1",DR.,Vaistinis preparatas,"5,35"
"DENTALIA vienadozė talpyklė, Geriamasis tirpalas, N10",DENTALIA,Vaistinis preparatas,"5,98"
"IBUPROM 40mg/ml, 100 ml, geriamoji suspensija, N1",IBUPROM,Vaistinis preparatas,"7,18"
"IBUPROM EXPRESS, 400 mg, Minkštosios kapsulės, N20",IBUPROM,Vaistinis preparatas,"6,34"
"Dolmen, 25mg, granulės geriamajam tirpalui, N10",DOLMEN,Vaistinis preparatas,"4,83"
"SINUPRET, dengtos tabletės, N100",SINUPRET,Vaistinis preparatas,"16,53"
"Nolpaza, 20 mg, Skrandyje neirios tabletės, N14",NOLPAZA,Vaistinis preparatas,"3,90"
"Orlistat Polpharma, Kietosios kapsulės, N42",ORLISTAT,Vaistinis preparatas,"25,00"
"LECROLYN SINE 40 mg/ml, akių lašai, tirpalas, N1",LECROLYN,Vaistinis preparatas,"9,84"
"VOLTAREN AKTIGO, vaistinis pleistras, N5",VOLTAREN,Vaistinis preparatas,"12,56"
"CLIMOFEMIN, 6,5mg, Tabletės, N30",CLIMOFEMIN,Vaistinis preparatas,"13,34"
"Carsil, 22,5mg, dengtos tabletės, N80",CARSIL,Vaistinis preparatas,"2,99"
"NIQUITIN, 14mg/24 val., transderminis pleistras, N7",NIQUITIN,Vaistinis preparatas,"17,99"
"VOLTAREN EMULGEL, 23,2 mg/g, 50 g, Gelis, N1",VOLTAREN,Vaistinis preparatas,"4,99"
"VOLTAREN EMULGEL, 23,2 mg/g, 100 g, Gelis, N1",VOLTAREN,Vaistinis preparatas,"12,60"
"TROXEVASIN, 100 g, Gelis, N1",TROXEVASIN,Vaistinis preparatas,"11,75"
"INFLUCID, Tabletės, N40",INFLUCID,Vaistinis preparatas,"7,64"
"DUPHALAC, 667mg/ml, 1000 ml, Geriamasis tirpalas, N1",DUPHALAC,Vaistinis preparatas,"16,17"
"GINKOR FORT, 14 mg/300 mg/300 mg, Kietosios kapsulės, N30",GINKOR,Vaistinis preparatas,"12,15"
"IBUPROM EXPRESS, 400 mg, Minkštosios kapsulės, N10",IBUPROM,Vaistinis preparatas,"4,08"
"Cinnabsin N, Tabletės, N40",CINNABSIN,Vaistinis preparatas,"7,64"
"PEDEKS, 60 ml, odos tirpalas, N1",KITA,Vaistinis preparatas,"4,58"
"ACTIFED, 100 ml, su matavimo šaukštu, Sirupas, N1",ACTIFED,Vaistinis preparatas,"8,00"
"MAGNESIUM DIASPORAL DIRECT, Granulės, N20",MAGNESIUM,Vaistinis preparatas,"11,29"
"IMODIUM 2 mg, Kietosios kapsulės, N6",IMODIUM,Vaistinis preparatas,"4,69"
"ESSENTIALE FORTE N 300 mg, Kietosios kapsulės, N100",ESSENTIALE,Vaistinis preparatas,"17,92"
"VOLTAREN EMULGEL, 11,6 mg/g, 50 g, Gelis, N1",VOLTAREN,Vaistinis preparatas,"4,49"
"NUROFEN ORANGE, kramtomosios minkštosios kapsulės, 100 mg, Minkštosios kapsulės, N12",NUROFEN,Vaistinis preparatas,"5,78"
"SEDATIF PC, Tabletės, N90",SEDATIF,Vaistinis preparatas,"6,86"
"HELMINTOX, 5 % suspensija, 15 ml, geriamoji suspensija, N1",HELMINTOX,Vaistinis preparatas,"4,58"
"ACTIFED, Tabletės, N12",ACTIFED,Vaistinis preparatas,"8,16"
"BISACODYL-GRINDEKS, Skrandyje neirios tabletės, N40",KITA,Vaistinis preparatas,"4,86"
"TRAUMEEL S, 50 g, Tepalas, N1",TRAUMEEL,Vaistinis preparatas,"9,21"
"TRAUMEEL S, Tabletės, N50",TRAUMEEL,Vaistinis preparatas,"6,56"
"VERTIGO-HEEL, Tabletės, N50",HEEL,Vaistinis preparatas,"6,56"
"RECREOL 50 mg/g, Tepalas, N1",RECREOL,Vaistinis preparatas,"5,94"
"GRIPP-HEEL, Tabletės, N50",HEEL,Vaistinis preparatas,"6,56"
"ZEEL T, Tabletės, N50",ZEEL,Vaistinis preparatas,"6,56"
"ELFIMEST, 20 mg, Skrandyje neirios tabletės, N14",ELFIMEST,Vaistinis preparatas,"5,14"
"BROMHEXIN, 8 mg, Tabletės, N50",BROMHEXIN,Vaistinis preparatas,"6,89"
"HELMINTOX 250 mg, plėvele dengtos tabletės, N3",HELMINTOX,Vaistinis preparatas,"4,58"
"HELMINTOX 125 mg, plėvele dengtos tabletės, N6",HELMINTOX,Vaistinis preparatas,"4,58"
"BROMHEXIN BERLIN-CHEMIE, dengtos tabletės, N25",BROMHEXIN,Vaistinis preparatas,"2,81"
"GUTTALAX, 30 ml, geriamieji lašai, tirpalas, N1",GUTTALAX,Vaistinis preparatas,"7,71"
"POLOVOX, 8,75mg, burnos gleivinės purškalas (tirpalas), N1",KITA,Vaistinis preparatas,"9,00"
"FERCELAN, 202,8 mg/0,8 mg/100mg, Kietosios kapsulės, N30",FERCELAN,Vaistinis preparatas,"6,13"
"ENTEROL, 250 mg, milteliai geriamajai suspensijai, N20",ENTEROL,Vaistinis preparatas,"10,24"
"ENTEROL, 250 mg, Kietosios kapsulės, N30",ENTEROL,Vaistinis preparatas,"13,94"
"NASOMETIN, 50µg/dozėje, nosies purškalas, suspensija, N1",NASOMETIN,Vaistinis preparatas,"7,37"
"ELFIMEST, 20mg, Skrandyje neirios tabletės, N7",ELFIMEST,Vaistinis preparatas,"3,31"
"CLEMASTINUM WZF, 1mg, Tabletės, N15",CLEMASTINUM,Vaistinis preparatas,"4,06"
"DOLMEN, 25mg, Geriamasis tirpalas, N10",DOLMEN,Vaistinis preparatas,"4,83"
"SARIDON, Tabletės, N10",SARIDON,Vaistinis preparatas,"2,15"
"OSCILLOCOCCINUM, piliulės, vienadozė talpyklė, N6",OSCILLOCOCCINUM,Vaistinis preparatas,"6,55"
"MIRAMILE, 0,1ml/0,35ml/0,05ml/0,3ml/ml, burnos gleivinės purškalas (tirpalas), N1",MIRAMILE,Vaistinis preparatas,"4,09"
"MAGNE B6, 470 mg/5 mg, dengtos tabletės, N60",MAGNE,Vaistinis preparatas,"9,78"
"NIZORAL, 20 mg/g, 100 ml, Šampūnas, N1",NIZORAL,Vaistinis preparatas,"15,95"
"OLYDEX, 1mg/50mg/ml, 10 ml, nosies purškalas, tirpalas, N1",OLYDEX,Vaistinis preparatas,"6,10"
"ESCADRA, 20 mg, skrandyje neirios kietos kapsulės, N7",ESCADRA,Vaistinis preparatas,"3,37"
"VIBURCOL, Žvakutės, N12",VIBURCOL,Vaistinis preparatas,"6,56"
"MAALOX, 460mg+400mg/4,3ml, 4,3 ml, geriamoji suspensija, N20",MAALOX,Vaistinis preparatas,"8,18"
"NO-SPA, 40mg, Tabletės, N24",NO-SPA,Vaistinis preparatas,"4,53"
"ESSENTIALE FORTE N, 600 mg, Kietosios kapsulės, N30",ESSENTIALE,Vaistinis preparatas,"13,61"
"ENTEROL, 250mg, Kietosios kapsulės, N20",ENTEROL,Vaistinis preparatas,"9,89"
"Espumisan, 40mg, Minkštosios kapsulės, N50",ESPUMISAN,Vaistinis preparatas,"4,85"
"TABEX, 1,5mg, plėvele dengtos tabletės, N100",TABEX,Vaistinis preparatas,"23,96"
"PARACETAMOL ACTAVIS, 500mg, Tabletės, N20",PARACETAMOL,Vaistinis preparatas,"1,88"
"PERSEN, dengtos tabletės, N40",PERSEN,Vaistinis preparatas,"6,25"
"PERSEN FORTE, Kietosios kapsulės, N20",PERSEN,Vaistinis preparatas,"6,56"
"LINEX, Kietosios kapsulės, N16",LINEX,Vaistinis preparatas,"7,78"
"Nolpaza, 20mg, Skrandyje neirios tabletės, N7",NOLPAZA,Vaistinis preparatas,"3,00"
"IPRAALOX, 20mg, Skrandyje neirios tabletės, N14",IPRAALOX,Vaistinis preparatas,"4,03"
"DICLAC, 150 g, Gelis, N1",DICLAC,Vaistinis preparatas,"14,43"
"DOLOBENE, 50 g, Gelis, N1",DOLOBENE,Vaistinis preparatas,"10,36"
"LAMISIL 1 %, 15 g, Kremas, N1",LAMISIL,Vaistinis preparatas,"9,86"
"ESPUMISAN, 40mg, Minkštosios kapsulės, N25",ESPUMISAN,Vaistinis preparatas,"3,09"
"MEZYM 10000 V, Skrandyje neirios tabletės, N10",MEZYM,Vaistinis preparatas,"3,47"
"Dolmen, 25mg, plėvele dengtos tabletės, N10",DOLMEN,Vaistinis preparatas,"4,31"
"FLAVAMED, 30mg, Tabletės, N20",FLAVAMED,Vaistinis preparatas,"3,09"
"FLAVAMED, 60mg, Šnypščiosios tabletės, N10",FLAVAMED,Vaistinis preparatas,"5,67"
"MAALOX, 400 mg + 400 mg, kramtomosios tabletės, N40",MAALOX,Vaistinis preparatas,"5,11"
"PARACETAMOL-RATIOPHARM, 125 mg, Žvakutės, N10",KITA,Vaistinis preparatas,"3,03"
"PARACETAMOL-RATIOPHARM, 250 mg, Žvakutės, N10",KITA,Vaistinis preparatas,"2,99"
"PSILO-BALSAM, 20 g, Gelis, N1",KITA,Vaistinis preparatas,"5,37"
"NEO-ANGIN, 1,2mg+0,6mg+5,9mg, kietosios pastilės, N24",NEO-ANGIN,Vaistinis preparatas,"6,35"
"NEO-ANGIN be cukraus, 1,2mg+0,6mg+5,72mg, kietosios pastilės, N24",NEO-ANGIN,Vaistinis preparatas,"6,35"
"NIZORAL, 20mg/ml, 60 ml, Šampūnas, N1",NIZORAL,Vaistinis preparatas,"10,57"
"BRONCHIPRET TP, plėvele dengtos tabletės, N20",BRONCHIPRET,Vaistinis preparatas,"6,49"
"Canephron, 18mg+18mg+18mg, dengtos tabletės, N60",CANEPHRON,Vaistinis preparatas,"11,86"
"Mastodynon, Tabletės, N60",MASTODYNON,Vaistinis preparatas,"11,07"
"MAALOX, 40 mg + 35 mg / ml, 250 ml, geriamoji suspensija, N1",MAALOX,Vaistinis preparatas,"5,45"
"Brontex, 30mg, Tabletės, N20",BRONTEX,Vaistinis preparatas,"3,29"
"BRONTEX, 7,5mg/ml, 100 ml ir matavimo taurelė, geriamieji lašai, tirpalas, N1",BRONTEX,Vaistinis preparatas,"5,00"
"ESSENTIALE FORTE N, 300 mg, Kietosios kapsulės, N30",ESSENTIALE,Vaistinis preparatas,"8,69"
"LOPEDIUM EXPRESS, Kietosios kapsulės, N10",LOPEDIUM,Vaistinis preparatas,"3,65"
"GINGIUM, plėvele dengtos tabletės, N60",GINGIUM,Vaistinis preparatas,"17,69"
"ACC Long, 600mg, Šnypščiosios tabletės, N6",ACC,Vaistinis preparatas,"4,60"
"OTRIVIN, 0,5 mg/ml, 10 ml, nosies lašai, tirpalas, N1",OTRIVIN,Vaistinis preparatas,"3,47"
"ALMAGEL A, 170 ml, geriamoji suspensija, N1",ACTAVIS,Vaistinis preparatas,"3,97"
"PREFEMIN, plėvele dengtos tabletės, N90",PREFEMIN,Vaistinis preparatas,"13,96"
"HJERTEMAGNYL, 150 mg, plėvele dengtos tabletės, N90",HJERTEMAGNYL,Vaistinis preparatas,"6,46"
"HJERTEMAGNYL, 150 mg, plėvele dengtos tabletės, N30",HJERTEMAGNYL,Vaistinis preparatas,"3,75"
"Panadol, 120mg/5ml, 100 ml, geriamoji suspensija, N1",PANADOL,Vaistinis preparatas,"5,45"
"NIQUITIN, 21 mg / 24 val., transderminis pleistras, N7",NIQUITIN,Vaistinis preparatas,"17,99"
"COLDREX Maxgrip MENTHOL & BERRIES, milteliai geriamajam tirpalui, N10",COLDREX,Vaistinis preparatas,"7,87"
"FENISTIL, 30 g, Gelis, N1",FENISTIL,Vaistinis preparatas,"5,86"
"Theraflu ND 1000 mg/60 mg/30 mg, milteliai geriamajam tirpalui, N10",THERAFLU,Vaistinis preparatas,"7,67"
"Theraflu NT 1000mg+60mg+30mg+4mg, milteliai geriamajam tirpalui, N10",THERAFLU,Vaistinis preparatas,"7,67"
"OtriDuo, 0,5mg+0,6mg/ml, 10 ml, nosies purškalas (tirpalas), N1",OTRIVIN,Vaistinis preparatas,"5,29"
"VENORUTON FORTE, Tabletės, N30",VENORUTON,Vaistinis preparatas,"9,56"
"DUPHALAC, 500 ml, Geriamasis tirpalas, N1",DUPHALAC,Vaistinis preparatas,"9,98"
"AGNUCASTON, plėvele dengtos tabletės, N30",KITA,Vaistinis preparatas,"9,45"
"TROXEVASIN gelis, 40 g, Gelis, N1",TROXEVASIN,Vaistinis preparatas,"6,58"
"KAPSIKAM, 50 g, Tepalas, N1",KAPSIKAM,Vaistinis preparatas,"7,26"
"PROPOLIS MDF, 30 ml, burnos gleivinės, gerklų ir ryklės tirpalas, N1",PROPOLIO,Vaistinis preparatas,"6,20"
"LIVOSIL, 140 mg, Kietosios kapsulės, N30",LIVOSIL,Vaistinis preparatas,"8,16"
"LIVOSIL, 140 mg, Kietosios kapsulės, N60",LIVOSIL,Vaistinis preparatas,"14,96"
"Hedelix, 8mg/ml sirupas, 100 ml ir matavimo šaukštelis, Sirupas, N1",HEDELIX,Vaistinis preparatas,"5,49"
"CONTRACTUBEX, 20 g, Gelis, N1",CONTRACTUBEX,Vaistinis preparatas,"14,30"
"KAMPARO ALIEJUS VALENTIS, 30 ml, odos tirpalas, N1",VALENTIS,Vaistinis preparatas,"1,16"
"Ricinos aliejus VALENTIS, 50 ml, geriamasis skystis, N1",KITA,Vaistinis preparatas,"1,60"
"GINKOMED, 100 ml, Geriamasis tirpalas, N1",GINKOMED,Vaistinis preparatas,"3,08"
"Liugolis, 12,5mg/ml, 50 ml su mechaniniu purkštuku, burnos gleivinės purškalas (tirpalas), N1",LIUGOLIS,Vaistinis preparatas,"2,62"
"Regaine, 50mg/ml, 60 ml ir trijų tipų aplikatoriai, odos tirpalas, N1",REGAINE,Vaistinis preparatas,"45,96"
"Kamparas VALENTIS, 100 mg/ml, 80 ml, odos tirpalas, N1",KITA,Vaistinis preparatas,"1,38"
"AFLUBIN, Tabletės, N48",AFLUBIN,Vaistinis preparatas,"7,27"
"MAGNE B6, 10 ml, Geriamasis tirpalas, N10",MAGNE,Vaistinis preparatas,"6,53"
"NERVO-HEEL N, Tabletės, N50",HEEL,Vaistinis preparatas,"6,56"
"Nurofen Forte Orange, 40mg/ml, 100 ml ir geriamasis švirkštas, geriamoji suspensija, N1",NUROFEN,Vaistinis preparatas,"8,87"
"Olynth, 1mg/ml, 10 ml, nosies lašai, tirpalas, N1",OLYNTH,Vaistinis preparatas,"4,03"
"Olynth HA, 0,5mg/ml, 10 ml, nosies purškalas (tirpalas), N1",OLYNTH,Vaistinis preparatas,"5,61"
"OLYNTH HA, 1mg/ml, 10 ml, nosies purškalas (tirpalas), N1",OLYNTH,Vaistinis preparatas,"6,10"
"Engystol, Tabletės, N50",ENGYSTOL,Vaistinis preparatas,"6,69"
"Tropex, 50mg/ml, ausų lašai, tirpalas, N1",TROPEX,Vaistinis preparatas,"7,59"
"ROWATINEX, 31mg+15mg+3mg+4mg+10mg+4mg, skrandyje neirios minkštos kapsulės, N100",ROWATINEX,Vaistinis preparatas,"15,51"
"ROWACHOL, 17mg+5mg+2mg+6mg+32mg+5mg, skrandyje neirios minkštos kapsulės, N100",ROWACHOL,Vaistinis preparatas,"15,51"
"Microlax 625mg+90mg+9mg/ml, 5 ml, tiesiosios žarnos tirpalas, N12",MICROLAX,Vaistinis preparatas,"15,79"
"ANGIN-HEEL S, Tabletės, N50",HEEL,Vaistinis preparatas,"6,56"
"Gastricumeel, 30mg+30mg+60mg+60mg+60mg+60mg, Tabletės, N50",GASTRICUMEEL,Vaistinis preparatas,"6,56"
"Hepeel, Tabletės, N50",HEPEEL,Vaistinis preparatas,"6,56"
"Lymphomyosot, Tabletės, N50",LYMPHOMYOSOT,Vaistinis preparatas,"6,56"
"Tartephedreel N, 30 ml ir aplikatorius su lašintuvu, geriamieji lašai, tirpalas, N1",TARTEPHEDREEL,Vaistinis preparatas,"7,20"
"CORYZALIA, dengtos tabletės, N40",CORYZALIA,Vaistinis preparatas,"5,49"
"FARINGODOL, 150 mg, kietosios pastilės, N16",FARINGODOL,Vaistinis preparatas,"6,22"
"SEDATIF PC, Tabletės, N40",SEDATIF,Vaistinis preparatas,"4,49"
"GUTTALAX, 7,5mg/ml, 15 ml, geriamieji lašai, tirpalas, N1",GUTTALAX,Vaistinis preparatas,"4,71"
"Spascupreel, Tabletės, N50",SPASCUPREEL,Vaistinis preparatas,"6,56"
"CLARITINE, 10 mg, Tabletės, N10",CLARITINE,Vaistinis preparatas,"4,46"
"IBUPROM, 400mg, plėvele dengtos tabletės, N10",IBUPROM,Vaistinis preparatas,"2,48"
"IBUPROM, 400mg, plėvele dengtos tabletės, N20",IBUPROM,Vaistinis preparatas,"2,49"
"ALKA-SELTZER, 324 mg, Šnypščiosios tabletės, N10",ALKA-SELTZER,Vaistinis preparatas,"4,42"
"JODAS VALENTIS, 10 ml, odos tirpalas, N1",VALENTIS,Vaistinis preparatas,"1,19"
"Dr. Theiss Eucalipin, 50 g, Tepalas, N1",DR.,Vaistinis preparatas,"5,48"
"Meteospasmyl, 60mg+300mg, Minkštosios kapsulės, N20",METEOSPASMYL,Vaistinis preparatas,"5,97"
"Enterol, 250mg, Kietosios kapsulės, N10",ENTEROL,Vaistinis preparatas,"6,65"
"Enterol, 250mg, milteliai geriamajai suspensijai, N10",ENTEROL,Vaistinis preparatas,"7,20"
"Olynth, 1mg/ml, 10 ml, nosies purškalas (tirpalas), N1",OLYNTH,Vaistinis preparatas,"5,64"
"Benfogamma, 50mg, dengtos tabletės, N50",BENFOGAMMA,Vaistinis preparatas,"8,52"
"Zyrtec, 1mg/ml, 75 ml ir matavimo šaukštas, Geriamasis tirpalas, N1",ZYRTEC,Vaistinis preparatas,"3,84"
"nicorette freshmint, 4mg, vaistinė kramtomoji guma, N30",NICORETTE,Vaistinis preparatas,"11,08"
"OTIPAX, 15 ml, ausų lašai, tirpalas, N1",OTIPAX,Vaistinis preparatas,"5,50"
"TANTUM ROSA, granulės makšties tirpalui, N6",TANTUM,Vaistinis preparatas,"14,44"
"TANTUM VERDE, 1,5mg/ml, 240 ml, burnos gleivinės tirpalas, N1",TANTUM,Vaistinis preparatas,"8,12"
"ACIC, 200 mg, Tabletės, N25",ACIC,Vaistinis preparatas,"13,29"
"METADOXIL, 500mg, Tabletės, N10",METADOXIL,Vaistinis preparatas,"10,33"
"Otrivin Menthol, 1mg/ml, 10 ml, nosies purškalas (tirpalas), N1",OTRIVIN,Vaistinis preparatas,"5,29"
"LOMEXIN, 600 mg, makšties minkštosios kapsulės, N1",LOMEXIN,Vaistinis preparatas,"10,99"
"LOMEXIN, 200mg, makšties minkštosios kapsulės, N3",LOMEXIN,Vaistinis preparatas,"11,24"
"DICLAC,  50 g, Gelis, N1",DICLAC,Vaistinis preparatas,"6,79"
"DICLAC, 100 g, Gelis, N1",DICLAC,Vaistinis preparatas,"9,80"
"Acetilsalicilo rūgštis SANITAS, 500 mg, Tabletės, N100",SANITAS,Vaistinis preparatas,"9,15"
"ACICLOVIR ACTAVIS, 50 mg/g, Kremas, N1",ACICLOVIR,Vaistinis preparatas,"4,55"
"TANTUM VERDE, 1,5mg/ml, 30 ml su mechaniniu purkštuku, burnos gleivinės purškalas (tirpalas), N1",TANTUM,Vaistinis preparatas,"9,39"
"SEDALIA, 200 ml, Sirupas, N1",SEDALIA,Vaistinis preparatas,"6,69"
"Otrivin, 1mg/ml, 10 ml, nosies lašai, tirpalas, N1",OTRIVIN,Vaistinis preparatas,"3,47"
"Neurorubine Forte Lactab, plėvele dengtos tabletės, N20",NEURORUBINE,Vaistinis preparatas,"7,11"
"Neuromultivit, plėvele dengtos tabletės, N100",NEUROMULTIVIT,Vaistinis preparatas,"16,44"
"ESCAPELLE, 1,5mg, Tabletės, N1",KITA,Vaistinis preparatas,"14,24"
"CARBOSAN, 5 g, Gelis, N1",CARBOSAN,Vaistinis preparatas,"4,38"
"MYRTOL, 120mg, skrandyje neirios minkštos kapsulės, N20",GELOMYRTOL,Vaistinis preparatas,"4,99"
"Deep Relief, 50 g, 50 mg/30 mg/g gelis, Gelis, N1",DEEP,Vaistinis preparatas,"6,26"
"Theraflu NT, milteliai geriamajam tirpalui, N6",THERAFLU,Vaistinis preparatas,"3,99"
"Theraflu ND, milteliai geriamajam tirpalui, N6",THERAFLU,Vaistinis preparatas,"3,99"
"Antiflat, 42mg, kramtomosios tabletės, N50",ANTIFLAT,Vaistinis preparatas,"4,95"
"Ferretab comp. 152,1mg/0,5mg, pailginto atpalaidavimo kietosios kapsulės, N30",FERRETAB,Vaistinis preparatas,"4,58"
"SINUPRET, dengtos tabletės, N50",SINUPRET,Vaistinis preparatas,"8,49"
"Espumisan L 40 mg/ml geriamieji lašai (emulsija)  30ml, geriamoji emulsija, N1",ESPUMISAN,Vaistinis preparatas,"4,36"
"EUCABAL - BALSAM S, Kremas, N1",EUCABAL,Vaistinis preparatas,"5,17"
"NICORETTE INVISIPATCH, 10mg/16h, transderminis pleistras, N7",NICORETTE,Vaistinis preparatas,"23,72"
"Deep Heat kremas, Kremas, N1",DEEP,Vaistinis preparatas,"5,27"
"Vibrocil, 15 ml, nosies lašai, tirpalas, N1",VIBROCIL,Vaistinis preparatas,"4,88"
"VIBROCIL 2,5mg/0,25mg/ml, 15ml, nosies purškalas (tirpalas), N1",VIBROCIL,Vaistinis preparatas,"5,29"
"MINOXIDIL INTELI, 20 mg/ml, odos tirpalas, N1",MINOXIDIL,Vaistinis preparatas,"22,56"
"MINOXIDIL INTELI, 50 mg/ml, odos tirpalas, N1",MINOXIDIL,Vaistinis preparatas,"24,65"
"Corneregel, 50mg/g, 10 g, akių gelis, N1",CORNEREGEL,Vaistinis preparatas,"5,94"
"Klimadynon, 2,8mg, plėvele dengtos tabletės, N90",KLIMADYNON,Vaistinis preparatas,"13,81"
"VIPROSAL B tepalas, 75 g, Tepalas, N1",VIPROSAL,Vaistinis preparatas,"7,98"
"NICORETTE INVISIPATCH, 15mg/16h, transderminis pleistras, N7",NICORETTE,Vaistinis preparatas,"23,72"
"ILOXEN 200mg+30mg, plėvele dengtos tabletės, N12",ILOXEN,Vaistinis preparatas,"5,95"
"ARTELAC, 10 ml, akių lašai, tirpalas, N1",ARTELAC,Vaistinis preparatas,"5,24"
"MICROLAX, 4 x 5 ml, tiesiosios žarnos tirpalas, N4",MICROLAX,Vaistinis preparatas,"6,57"
"nicorette invisipatch, 25mg/16h, transderminis pleistras, N7",NICORETTE,Vaistinis preparatas,"23,72"
"NICORETTE FRESHMINT 2 mg, 30 vienetų, vaistinė kramtomoji guma, N30",NICORETTE,Vaistinis preparatas,"10,26"
"NICORETTE FRESHFRUIT, 2mg, vaistinė kramtomoji guma, N30",NICORETTE,Vaistinis preparatas,"11,08"
"NICORETTE FRESHFRUIT, 4 mg, vaistinė kramtomoji guma, N30",NICORETTE,Vaistinis preparatas,"11,08"
"NUROFEN FORTE STRAWBERRY, 40mg/ml, 100ml, geriamoji suspensija, N1",NUROFEN,Vaistinis preparatas,"8,87"
"PANANGIN, plėvele dengtos tabletės, N50",PANANGIN,Vaistinis preparatas,"7,88"
"Septabene 1,5 mg/5 mg/1 ml, burnos gleivinės purškalas (tirpalas), N1",SEPTABENE,Vaistinis preparatas,"7,58"
"DETRALEX, 500 mg, plėvele dengtos tabletės, N30",DETRALEX,Vaistinis preparatas,"11,59"
"TARAFEN, plėvele dengtos tabletės, N20",TARAFEN,Vaistinis preparatas,"8,24"
"Duphalac Fruit 667 mg/ml, 500 ml ir matavimo taurelė, Geriamasis tirpalas, N1",DUPHALAC,Vaistinis preparatas,"10,36"
"XYMELIN MENTHOL nosies purškalas, 1 mg / ml, 10 ml, nosies purškalas (tirpalas), N1",XYMELIN,Vaistinis preparatas,"5,14"
"MAGNEROT, 500 mg, Tabletės, N50",MAGNEROT,Vaistinis preparatas,"7,82"
"XYMELIN nosies purškalas (tirpalas), 1 mg / m , 10 ml, nosies purškalas (tirpalas), N1",XYMELIN,Vaistinis preparatas,"5,24"
"IBEROGAST, 20 ml, geriamasis skystis, N1",IBEROGAST,Vaistinis preparatas,"6,75"
"COLDREX HotRem HONEY & LEMON 750mg+10mg+60mg, milteliai geriamajam tirpalui, N10",COLDREX,Vaistinis preparatas,"7,87"
"Daleron COLD3, plėvele dengtos tabletės, N24",DALERON,Vaistinis preparatas,"4,49"
"TEARS NATURALE, 3mg/1mg/ml, 15 ml su lašintuvu, akių lašai, tirpalas, N1",TEARS,Vaistinis preparatas,"5,75"
"IBUGARD, 200mg, Minkštosios kapsulės, N10",IBUGARD,Vaistinis preparatas,"2,14"
"LORATADINE ACTAVIS, 10 mg, Tabletės, N10",LORATADINE,Vaistinis preparatas,"4,10"
"POSTERISAN, 25 g, Tepalas, N1",POSTERISAN,Vaistinis preparatas,"8,81"
"ZOVIDUO 50 mg/10 mg/g, Kremas, N1",ZOVIDUO,Vaistinis preparatas,"11,22"
"MUCOFALK, 3,25g, granulės geriamajam tirpalui, N20",MUCOFALK,Vaistinis preparatas,"10,68"
"POSTERISAN FORTE, 25 g, Tepalas, N1",POSTERISAN,Vaistinis preparatas,"9,56"
"PREFEMIN, 20mg, plėvele dengtos tabletės, N30",PREFEMIN,Vaistinis preparatas,"7,02"
"HJERTEMAGNYL, 75 mg, plėvele dengtos tabletės, N100",HJERTEMAGNYL,Vaistinis preparatas,"4,79"
"ACC Long, 600mg, Šnypščiosios tabletės, N10",ACC,Vaistinis preparatas,"7,25"
"SAB SIMPLEX, 30 ml, su lašintuvu, geriamoji suspensija, N1",SAB,Vaistinis preparatas,"3,33"
"OCULO-HEEL, 0,45 ml, akių lašai, tirpalas, N15",HEEL,Vaistinis preparatas,"8,19"
"Gelomyrtol forte, 300mg, skrandyje neirios minkštos kapsulės, N20",GELOMYRTOL,Vaistinis preparatas,"6,72"
"POSTERISAN, Žvakutės, N10",POSTERISAN,Vaistinis preparatas,"8,81"
"POSTERISAN FORTE, 10 vnt., Žvakutės, N10",POSTERISAN,Vaistinis preparatas,"9,57"
"LIDOPOSTERIN, 25 g, Tepalas, N1",LIDOPOSTERIN,Vaistinis preparatas,"9,57"
"BILOBIL 120 mg, Kietosios kapsulės, N60",BILOBIL,Vaistinis preparatas,"15,28"
